Date,Overall_Rank,Symbol,Close,Median_Turnover_50D_Cr,Return_6M_Pct,Momentum_Rank,Spike_Days_6M,HighVolume_Rank,Last_Range_Pct,Range_Rank,Volume_Ratio_50D,LastVolume_Rank,Compression_Rank,EMA20,EMA50,EMA200,EMA20_Distance_Pct,EMA20_Proximity_Rank,Momentum_Score,HighVolume_Score,Compression_Score,EMA20_Proximity_Score,Overall_Score
2026-10-06,1,ITDC,675.25,6.81,66.44,39,13,3,2.36,26,0.13,4,7,670.52,669.04,622.15,0.7,23,62.0,95.5,86.0,78.0,80.38
2026-10-06,2,UFLEX,641.25,9.94,74.06,27,11,13,1.8,8,0.14,7,3,647.11,603.78,517.81,0.9,37,74.0,86.0,93.5,64.0,79.38
2026-10-06,3,SUBEXLTD,19.59,8.97,149.55,6,13,3,3.37,74,0.47,64,80,19.5,17.57,13.87,0.47,18,95.0,95.5,32.0,83.0,76.38
2026-10-06,4,PCJEWELLER,12.93,344.98,57.49,56,13,3,2.72,38,0.35,37,27,12.92,11.84,10.67,0.05,1,45.0,95.5,63.5,100.0,76.0
2026-10-06,5,BLUESTONE,813.85,96.56,90.35,18,13,3,3.73,91,0.16,10,51,820.29,792.82,649.27,0.79,30,83.0,95.5,50.5,71.0,75.0
2026-10-06,6,JINDWORLD,45.39,26.26,125.37,11,18,1,1.93,13,0.06,1,2,47.35,43.63,36.63,4.14,90,90.0,100.0,94.0,11.0,73.75
2026-10-06,7,AEGISVOPAK,293.35,24.38,72.93,28,9,28,2.61,35,0.38,48,34,294.24,284.46,253.1,0.3,9,73.0,67.0,59.5,92.0,72.88
2026-10-06,8,NRBBEARING,536.95,18.57,128.98,10,12,9,1.83,9,0.28,30,10,517.49,484.71,388.49,3.76,86,91.0,90.5,81.5,15.0,69.5
2026-10-06,9,TFCILTD,140.65,156.72,117.56,13,7,49,1.62,5,0.21,17,6,139.05,127.91,94.04,1.15,49,88.0,47.0,90.0,52.0,69.25
2026-10-06,10,ANTELOPUS,1100.6,20.93,86.23,20,8,41,3.21,65,0.09,2,24,1091.64,990.87,783.85,0.82,34,81.0,56.5,67.5,67.0,68.0
2026-10-06,11,UTLSOLAR,418.85,11.28,107.04,15,9,28,3.5,80,0.46,61,82,420.33,411.64,326.2,0.35,13,86.0,67.0,30.5,88.0,67.88
2026-10-06,12,KSL,942.8,6.29,50.64,67,13,3,2.82,47,0.6,79,67,942.17,916.92,845.44,0.07,2,34.0,95.5,38.0,99.0,66.62
2026-10-06,13,RATNAVEER,335.25,196.63,139.81,7,14,2,3.01,57,0.15,8,22,317.79,280.0,207.68,5.49,97,94.0,99.0,68.5,4.0,66.38
2026-10-06,14,MAXESTATES,564.95,6.18,69.99,35,10,18,3.41,76,0.49,67,83,566.78,526.03,461.97,0.32,11,66.0,78.5,29.5,90.0,66.0
2026-10-06,15,KDDL,3999.9,11.01,80.26,23,10,18,2.9,54,0.35,38,43,3946.44,3781.9,3128.98,1.35,53,78.0,78.5,55.0,48.0,64.88
2026-10-06,16,SBCL,1099.6,28.3,168.1,5,6,60,3.35,72,0.2,11,34,1090.89,1014.39,757.38,0.8,31,96.0,34.0,59.5,70.0,64.88
2026-10-06,17,GANDHAR,282.5,23.02,123.28,12,10,18,2.39,28,0.16,9,9,269.63,253.24,199.53,4.77,94,89.0,78.5,82.5,7.0,64.25
2026-10-06,18,PAISALO,83.1,77.53,132.38,9,11,13,2.54,34,0.72,90,66,81.76,76.54,58.83,1.63,61,92.0,86.0,39.0,40.0,64.25
2026-10-06,19,SUDARSCHEM,1238.6,29.57,62.5,48,9,28,1.8,7,0.21,13,5,1220.94,1171.02,1053.08,1.45,56,53.0,67.0,91.0,45.0,64.0
2026-10-06,20,APOLLO,408.05,190.34,107.0,16,10,18,1.58,4,0.55,76,32,398.13,393.89,338.26,2.49,70,85.0,78.5,61.0,31.0,63.88
2026-10-06,21,DYCL,446.05,18.65,64.78,42,10,18,3.84,96,0.25,24,62,449.56,439.71,386.25,0.78,28,59.0,78.5,41.0,73.0,62.88
2026-10-06,22,PAYTM,1694.0,523.06,68.39,37,6,60,2.0,14,0.46,62,28,1699.62,1609.58,1338.66,0.33,12,64.0,34.0,63.0,89.0,62.5
2026-10-06,23,SETL,428.3,25.33,237.67,1,12,9,2.61,36,0.45,58,46,408.65,362.99,247.08,4.81,96,100.0,90.5,54.0,5.0,62.38
2026-10-06,24,WELENT,718.3,25.56,63.73,44,11,13,2.1,18,0.21,16,8,741.5,698.48,590.27,3.13,79,57.0,86.0,84.0,22.0,62.25
2026-10-06,25,CARTRADE,2911.7,81.81,71.72,29,7,49,2.81,45,0.25,25,25,2941.48,2882.11,2507.08,1.01,41,72.0,47.0,66.0,60.0,61.25
2026-10-06,26,AGI,786.4,8.77,56.36,60,6,60,2.13,19,0.27,29,13,783.47,752.76,705.45,0.37,14,41.0,34.0,77.0,87.0,59.75
2026-10-06,27,GABRIEL,1352.9,32.28,54.32,62,9,28,3.45,78,0.43,54,74,1351.98,1351.86,1187.26,0.07,3,39.0,67.0,35.0,98.0,59.75
2026-10-06,28,VADILALIND,7309.5,11.13,70.15,34,6,60,3.71,90,0.27,27,60,7330.66,7183.93,6099.38,0.29,8,67.0,34.0,42.5,93.0,59.12
2026-10-06,29,MANINFRA,123.24,21.74,44.17,77,11,13,2.16,22,0.48,66,40,124.23,119.11,118.94,0.8,32,24.0,86.0,57.0,69.0,59.0
2026-10-06,30,ASIANENE,463.75,17.48,79.67,24,9,28,2.74,40,0.22,18,16,479.52,457.8,376.81,3.29,82,77.0,67.0,72.0,19.0,58.75
2026-10-06,31,TNPETRO,126.03,9.08,51.1,66,9,28,3.36,73,0.43,53,67,125.74,118.73,103.51,0.23,7,35.0,67.0,38.0,94.0,58.5
2026-10-06,32,GHCLTEXTIL,131.58,7.67,80.35,22,5,75,2.92,55,0.29,31,38,130.65,125.26,103.68,0.71,24,79.0,18.0,58.0,77.0,58.0
2026-10-06,33,INDSWFTLAB,400.45,21.21,188.4,4,10,18,3.77,94,0.29,32,67,385.12,340.83,223.75,3.98,87,97.0,78.5,38.0,14.0,56.88
2026-10-06,34,SKIPPER,551.5,37.86,56.9,59,7,49,3.07,60,0.35,39,49,549.27,546.38,502.1,0.41,15,42.0,47.0,51.5,86.0,56.62
2026-10-06,35,MOTISONS,17.61,54.78,41.45,81,12,9,3.54,81,0.24,21,53,17.43,16.41,15.35,1.03,43,20.0,90.5,50.0,58.0,54.62
2026-10-06,36,ALEMBICLTD,104.99,6.62,38.45,88,8,41,2.78,42,0.23,20,19,104.21,99.33,94.05,0.75,26,13.0,56.5,70.0,75.0,53.62
2026-10-06,37,LENSKART,684.85,373.92,41.22,82,8,41,1.83,10,0.3,33,12,677.92,645.0,548.62,1.02,42,19.0,56.5,79.5,59.0,53.5
2026-10-06,38,REDINGTON,405.7,161.34,106.15,17,7,49,3.32,70,0.24,22,43,394.49,363.44,294.75,2.84,74,84.0,47.0,55.0,27.0,53.25
2026-10-06,39,SUPRIYA,915.35,21.7,49.52,70,11,13,3.66,86,0.53,70,90,922.56,890.21,805.7,0.78,29,31.0,86.0,23.0,72.0,53.0
2026-10-06,40,RPEL,1835.6,13.34,192.83,3,10,18,3.39,75,0.47,63,80,1729.26,1596.82,1179.85,6.15,99,98.0,78.5,32.0,2.0,52.62
2026-10-06,41,RBA,95.1,36.45,55.77,61,7,49,3.42,77,0.14,5,33,94.22,91.3,78.88,0.94,39,40.0,47.0,60.0,62.0,52.25
2026-10-06,42,STOVEKRAFT,813.45,8.5,70.77,31,4,92,2.78,43,0.71,89,74,814.35,797.65,696.7,0.11,5,70.0,5.5,35.0,96.0,51.62
2026-10-06,43,ENTERO,1721.6,24.2,37.83,89,12,9,3.64,85,0.21,14,49,1741.88,1620.31,1346.69,1.16,50,12.0,90.5,51.5,51.0,51.25
2026-10-06,44,EPACKPEB,247.82,12.99,70.25,33,7,49,2.77,41,0.33,35,28,240.93,238.34,226.0,2.86,75,68.0,47.0,63.0,26.0,51.0
2026-10-06,45,SHAREINDIA,211.4,10.84,63.51,45,8,41,2.42,29,0.23,19,13,203.12,189.13,168.09,4.07,88,56.0,56.5,77.0,13.0,50.62
2026-10-06,46,CONFIPET,86.67,22.86,65.43,40,5,75,3.1,61,0.37,43,54,86.01,82.0,66.01,0.77,27,61.0,18.0,49.0,74.0,50.5
2026-10-06,47,ASKAUTOLTD,609.75,16.73,39.69,85,9,28,1.89,12,0.14,6,4,628.21,604.4,520.72,2.94,78,16.0,67.0,92.0,23.0,49.5
2026-10-06,48,INOXINDIA,2077.3,38.84,67.21,38,9,28,3.77,93,0.96,99,101,2096.54,2038.44,1683.76,0.92,38,63.0,67.0,5.0,63.0,49.5
2026-10-06,49,PITTIENG,1122.0,8.7,52.04,65,8,41,3.89,98,0.42,52,85,1128.62,1084.91,981.26,0.59,22,36.0,56.5,26.0,79.0,49.38
2026-10-06,50,SAREGAMA,503.7,20.03,57.16,57,6,60,2.8,44,0.27,28,26,498.13,495.43,452.05,1.12,47,44.0,34.0,65.0,54.0,49.25
2026-10-06,51,JASH,594.95,5.42,61.54,53,10,18,2.39,27,0.35,36,21,559.09,526.31,479.99,6.41,101,48.0,78.5,69.5,0.0,49.0
2026-10-06,52,DEEDEV,651.7,11.84,116.55,14,5,75,3.04,58,0.55,74,74,658.67,650.49,517.75,1.06,45,87.0,18.0,35.0,56.0,49.0
2026-10-06,53,NEULANDLAB,21905.0,108.39,76.18,25,6,60,2.64,37,0.85,95,74,22166.65,21728.89,18254.08,1.18,51,76.0,34.0,35.0,50.0,48.75
2026-10-06,54,ORIENTHOT,143.61,5.98,60.03,54,8,41,2.48,32,0.46,59,41,140.56,136.74,124.52,2.17,67,47.0,56.5,55.5,34.0,48.25
2026-10-06,55,CYIENTDLM,939.0,40.94,235.24,2,6,60,3.19,64,0.37,44,57,901.86,812.14,588.84,4.12,89,99.0,34.0,47.0,12.0,48.0
2026-10-06,56,PVRINOX,1249.4,52.21,32.58,97,9,28,2.86,51,0.55,75,67,1242.22,1198.86,1098.13,0.58,21,4.0,67.0,38.0,80.0,47.25
2026-10-06,57,NAZARA,379.55,57.74,61.57,52,5,75,2.32,25,0.31,34,17,374.71,357.54,310.15,1.29,52,49.0,18.0,71.5,49.0,46.88
2026-10-06,58,IPCALAB,1945.5,41.94,30.72,101,6,60,1.71,6,0.65,81,39,1949.8,1896.51,1685.77,0.22,6,0.0,34.0,57.5,95.0,46.62
2026-10-06,59,QUESS,334.45,14.98,86.95,19,6,60,3.7,89,0.21,15,54,345.26,334.09,276.77,3.13,80,82.0,34.0,49.0,21.0,46.5
2026-10-06,60,AEGISLOG,1395.9,101.45,136.89,8,8,41,3.83,95,0.87,96,99,1358.88,1309.19,1038.78,2.72,71,93.0,56.5,5.5,30.0,46.25
2026-10-06,61,AIIL,550.15,8.95,31.08,100,5,75,0.8,2,0.11,3,1,545.24,541.77,523.31,0.9,36,1.0,18.0,98.5,65.0,45.62
2026-10-06,62,MPSLTD,2681.2,5.17,61.59,51,6,60,3.87,97,0.25,23,62,2653.44,2585.9,2228.99,1.05,44,50.0,34.0,41.0,57.0,45.5
2026-10-06,63,FOSECOIND,6440.0,5.9,39.26,87,10,18,3.07,59,0.45,57,59,6351.76,6024.62,5373.83,1.39,55,14.0,78.5,43.0,46.0,45.38
2026-10-06,64,IIFLCAPS,345.15,10.08,32.22,99,5,75,0.7,1,0.36,41,11,343.27,340.18,328.93,0.55,20,2.0,18.0,80.0,81.0,45.25
2026-10-06,65,GREAVESCOT,222.78,20.85,68.71,36,9,28,2.9,53,0.51,69,65,213.41,208.04,196.32,4.39,92,65.0,67.0,40.0,9.0,45.25
2026-10-06,66,UNIPARTS,824.7,11.46,75.8,26,7,49,3.56,82,0.53,71,87,844.34,814.61,650.67,2.33,68,75.0,47.0,24.5,33.0,44.88
2026-10-06,67,TMB,878.95,13.35,40.94,83,5,75,2.01,15,0.36,40,15,886.05,869.8,738.27,0.8,33,18.0,18.0,73.5,68.0,44.38
2026-10-06,68,INNOVACAP,1141.8,6.5,62.1,50,13,3,3.96,101,0.65,82,97,1180.07,1111.94,937.38,3.24,81,51.0,95.5,9.5,20.0,44.0
2026-10-06,69,MBAPL,166.95,13.32,56.98,58,5,75,2.13,20,0.44,56,28,164.69,158.27,125.15,1.37,54,43.0,18.0,63.0,47.0,42.75
2026-10-06,70,HARSHA,464.65,5.75,39.3,86,7,49,1.88,11,0.41,51,19,457.14,443.17,414.33,1.64,63,15.0,47.0,70.0,38.0,42.5
2026-10-06,71,CHENNPETRO,1405.7,210.8,42.12,80,5,75,3.32,71,0.44,55,67,1410.22,1359.25,1117.29,0.32,10,21.0,18.0,38.0,91.0,42.0
2026-10-06,72,ROLEXRINGS,188.18,26.22,59.2,55,9,28,3.21,66,0.59,77,83,182.94,173.11,152.4,2.86,76,46.0,67.0,29.5,25.0,41.88
2026-10-06,73,CEIGALL,376.2,11.58,36.23,92,5,75,2.81,46,0.38,46,43,374.63,361.58,329.43,0.42,16,9.0,18.0,55.0,85.0,41.75
2026-10-06,74,EMUDHRA,607.9,8.99,47.75,73,6,60,2.87,52,0.25,26,31,598.96,559.88,538.14,1.49,58,28.0,34.0,62.0,43.0,41.75
2026-10-06,75,AKUMS,814.65,19.84,63.24,46,5,75,2.73,39,0.37,45,37,795.24,754.52,627.05,2.44,69,55.0,18.0,59.0,32.0,41.0
2026-10-06,76,ALIVUS,1384.0,12.86,39.85,84,7,49,2.99,56,0.97,100,91,1374.09,1331.12,1151.34,0.72,25,17.0,47.0,23.0,76.0,40.75
2026-10-06,77,KIRLOSENG,2266.1,87.07,63.75,43,6,60,2.45,31,0.69,87,61,2204.03,2166.78,1814.12,2.82,73,58.0,34.0,42.0,28.0,40.5
2026-10-06,78,SOLARA,682.65,19.36,43.38,78,9,28,3.23,68,0.37,42,58,703.07,653.55,579.94,2.9,77,23.0,67.0,46.0,24.0,40.0
2026-10-06,79,KTKBANK,324.25,76.61,42.55,79,3,100,2.14,21,0.54,73,46,326.03,316.22,267.33,0.55,19,22.0,0.5,54.0,82.0,39.62
2026-10-06,80,MANORAMA,1985.6,29.33,62.79,47,5,75,2.03,16,0.4,49,22,1916.84,1846.14,1590.09,3.59,85,54.0,18.0,68.5,16.0,39.12
2026-10-06,81,SHYAMMETL,1054.0,42.77,32.97,96,10,18,3.91,99,0.79,92,99,1064.77,1045.18,956.47,1.01,40,5.0,78.5,5.5,61.0,37.5
2026-10-06,82,PRECWIRE,515.15,24.22,71.69,30,5,75,2.52,33,0.4,50,34,484.61,457.74,373.61,6.3,100,71.0,18.0,59.5,1.0,37.38
2026-10-06,83,JSWINFRA,363.05,84.65,50.49,68,7,49,2.1,17,0.65,84,51,350.54,339.87,308.86,3.57,84,33.0,47.0,50.5,17.0,36.88
2026-10-06,84,MOTHERSON,160.0,209.4,49.8,69,4,92,3.22,67,0.46,60,72,161.4,159.39,140.05,0.87,35,32.0,5.5,37.5,66.0,35.25
2026-10-06,85,FINCABLES,1474.0,87.34,84.79,21,5,75,3.57,83,0.38,47,73,1406.65,1301.98,1082.22,4.79,95,80.0,18.0,36.0,6.0,35.0
2026-10-06,86,SGMART,742.85,16.35,47.16,76,4,92,3.16,63,0.77,91,88,746.2,735.35,599.57,0.45,17,25.0,5.5,24.0,84.0,34.62
2026-10-06,87,ACE,1252.2,33.55,53.16,63,6,60,2.44,30,0.47,65,48,1200.69,1144.39,1037.4,4.29,91,38.0,34.0,53.5,10.0,33.88
2026-10-06,88,NORTHARC,298.2,23.37,35.52,94,5,75,3.91,100,0.6,78,96,298.48,297.02,279.23,0.09,4,7.0,18.0,12.0,97.0,33.5
2026-10-06,89,LALPATHLAB,1964.2,46.29,47.83,72,6,60,3.74,92,0.64,80,94,1941.85,1889.41,1684.71,1.15,48,29.0,34.0,15.0,53.0,32.75
2026-10-06,90,NYKAA,338.2,140.08,37.49,91,6,60,2.3,24,0.65,83,56,332.74,328.81,292.24,1.64,62,10.0,34.0,47.5,39.0,32.62
2026-10-06,91,PGIL,1266.7,16.67,70.48,32,5,75,3.45,79,0.85,94,95,1232.88,1166.51,957.87,2.74,72,69.0,18.0,14.5,29.0,32.62
2026-10-06,92,NPST,1835.5,7.8,62.48,49,7,49,3.66,87,0.54,72,92,1755.48,1681.62,1561.83,4.56,93,52.0,47.0,21.5,8.0,32.12
2026-10-06,93,BEPL,128.63,15.39,47.71,74,8,41,3.68,88,0.9,98,98,126.32,122.81,108.61,1.83,65,27.0,56.5,8.0,36.0,31.88
2026-10-06,94,PARADEEP,156.76,40.81,35.88,93,4,92,2.83,48,0.2,12,18,154.38,151.3,143.37,1.54,59,8.0,5.5,71.0,42.0,31.62
2026-10-06,95,CARBORUNIV,1269.6,24.07,48.67,71,9,28,2.84,50,0.98,101,86,1197.71,1147.99,1041.17,6.0,98,30.0,67.0,25.5,3.0,31.38
2026-10-06,96,SONACOMS,820.0,161.08,65.14,41,4,92,3.58,84,0.69,86,93,807.05,781.49,655.68,1.6,60,60.0,5.5,16.0,41.0,30.62
2026-10-06,97,JINDALSAW,282.4,35.6,47.24,75,4,92,3.26,69,0.5,68,79,285.46,281.95,246.74,1.07,46,26.0,5.5,32.5,55.0,29.75
2026-10-06,98,RBLBANK,414.5,106.59,37.71,90,4,92,1.38,3,0.69,88,41,408.54,396.57,350.21,1.46,57,11.0,5.5,55.5,44.0,29.0
2026-10-06,99,COFORGE,1849.7,364.89,52.44,64,3,100,2.83,49,0.68,85,78,1817.09,1777.64,1613.52,1.79,64,37.0,0.5,34.0,37.0,27.12
2026-10-06,100,ECLERX,1917.2,33.21,32.5,98,5,75,3.11,62,0.84,93,89,1880.66,1849.31,1784.02,1.94,66,3.0,18.0,23.5,35.0,19.88
2026-10-06,101,LGEINDIA,1758.6,83.11,33.35,95,4,92,2.26,23,0.9,97,62,1700.55,1655.86,1597.91,3.41,83,6.0,5.5,41.0,18.0,17.62
