symbol,company_name,isin,as_of_date,close,median_turnover_50d_cr,ema20,ema50,ema200,close_vs_ema20_pct,close_vs_ema50_pct,close_vs_ema200_pct,trend_stack
ETERNAL,,,2026-10-08,319.05,729.64,325.47,317.56,289.65,-1.97,0.47,10.15,Close > EMA20 > EMA50 > EMA200
CUPID,,,2026-10-08,356.65,684.16,298.2,272.43,180.31,19.6,30.91,97.8,Close > EMA20 > EMA50 > EMA200
MCX,,,2026-10-08,3255.6,664.42,3264.93,3162.83,2748.32,-0.29,2.93,18.46,Close > EMA20 > EMA50 > EMA200
PAYTM,,,2026-10-08,1641.5,553.26,1696.87,1615.45,1345.55,-3.26,1.61,22.0,Close > EMA20 > EMA50 > EMA200
KOTAKBANK,,,2026-10-08,435.0,451.49,418.18,409.98,401.45,4.02,6.1,8.36,Close > EMA20 > EMA50 > EMA200
DIVISLAB,,,2026-10-08,9361.0,444.62,9350.42,8887.53,7501.76,0.11,5.33,24.78,Close > EMA20 > EMA50 > EMA200
LENSKART,,,2026-10-08,653.95,373.92,675.93,646.71,550.98,-3.25,1.12,18.69,Close > EMA20 > EMA50 > EMA200
PCJEWELLER,,,2026-10-08,13.9,356.33,13.04,11.97,10.73,6.63,16.14,29.59,Close > EMA20 > EMA50 > EMA200
WELCORP,,,2026-10-08,2651.3,348.24,2623.91,2362.28,1621.39,1.04,12.24,63.52,Close > EMA20 > EMA50 > EMA200
COFORGE,,,2026-10-08,1814.3,347.03,1817.27,1780.76,1617.57,-0.16,1.88,12.16,Close > EMA20 > EMA50 > EMA200
MEESHO,,,2026-10-08,232.19,306.95,223.4,211.69,188.56,3.94,9.69,23.14,Close > EMA20 > EMA50 > EMA200
LAURUSLABS,,,2026-10-08,1997.9,297.39,1978.82,1877.01,1465.35,0.96,6.44,36.34,Close > EMA20 > EMA50 > EMA200
BHEL,,,2026-10-08,429.6,276.35,427.37,420.54,364.52,0.52,2.16,17.86,Close > EMA20 > EMA50 > EMA200
SOLARINDS,,,2026-10-08,19870.0,269.16,19806.08,19611.27,17222.75,0.32,1.32,15.37,Close > EMA20 > EMA50 > EMA200
CHENNPETRO,,,2026-10-08,1531.0,231.94,1439.14,1375.52,1126.28,6.38,11.3,35.93,Close > EMA20 > EMA50 > EMA200
APARINDS,,,2026-10-08,17816.0,227.07,17729.61,16984.93,13677.28,0.49,4.89,30.26,Close > EMA20 > EMA50 > EMA200
MOREPENLAB,,,2026-10-08,136.55,224.65,124.82,106.19,70.84,9.4,28.59,92.77,Close > EMA20 > EMA50 > EMA200
PERSISTENT,,,2026-10-08,5468.0,219.72,5433.05,5413.09,5357.93,0.64,1.01,2.05,Close > EMA20 > EMA50 > EMA200
APOLLO,,,2026-10-08,395.15,195.03,399.28,394.73,339.58,-1.03,0.11,16.36,Close > EMA20 > EMA50 > EMA200
RATNAVEER,,,2026-10-08,331.35,184.07,320.69,284.14,210.18,3.32,16.61,57.65,Close > EMA20 > EMA50 > EMA200
SYRMA,,,2026-10-08,1680.9,175.4,1669.82,1564.15,1216.12,0.66,7.46,38.22,Close > EMA20 > EMA50 > EMA200
SONACOMS,,,2026-10-08,793.0,158.74,806.01,783.04,658.57,-1.61,1.27,20.41,Close > EMA20 > EMA50 > EMA200
REDINGTON,,,2026-10-08,388.0,158.02,394.91,366.02,296.78,-1.75,6.0,30.74,Close > EMA20 > EMA50 > EMA200
TFCILTD,,,2026-10-08,146.65,152.61,140.91,129.56,95.14,4.07,13.19,54.14,Close > EMA20 > EMA50 > EMA200
NYKAA,,,2026-10-08,332.3,141.64,333.43,329.41,293.13,-0.34,0.88,13.36,Close > EMA20 > EMA50 > EMA200
PNB,,,2026-10-08,115.29,133.38,114.51,114.06,111.31,0.68,1.08,3.57,Close > EMA20 > EMA50 > EMA200
GLAND,,,2026-10-08,3079.1,130.49,2949.93,2827.29,2345.2,4.38,8.91,31.29,Close > EMA20 > EMA50 > EMA200
RADICO,,,2026-10-08,4415.0,118.77,4437.1,4384.88,3754.33,-0.5,0.69,17.6,Close > EMA20 > EMA50 > EMA200
MRPL,,,2026-10-08,173.85,118.39,171.32,170.03,164.58,1.48,2.25,5.63,Close > EMA20 > EMA50 > EMA200
AZAD,,,2026-10-08,2883.7,117.59,2844.69,2708.56,2222.49,1.37,6.47,29.75,Close > EMA20 > EMA50 > EMA200
AEGISLOG,,,2026-10-08,1382.3,106.19,1369.84,1317.75,1046.35,0.91,4.9,32.11,Close > EMA20 > EMA50 > EMA200
RAYMOND,,,2026-10-08,1167.1,105.99,1098.14,907.02,663.82,6.28,28.67,75.82,Close > EMA20 > EMA50 > EMA200
GESHIP,,,2026-10-08,1529.7,105.23,1487.56,1435.74,1353.54,2.83,6.54,13.01,Close > EMA20 > EMA50 > EMA200
RBLBANK,,,2026-10-08,400.7,103.85,408.09,397.31,351.32,-1.81,0.85,14.05,Close > EMA20 > EMA50 > EMA200
PNBHOUSING,,,2026-10-08,1150.0,100.33,1123.93,1120.86,1030.48,2.32,2.6,11.6,Close > EMA20 > EMA50 > EMA200
URBANCO,,,2026-10-08,160.25,100.21,164.89,158.64,144.43,-2.81,1.01,10.95,Close > EMA20 > EMA50 > EMA200
NAVINFLUOR,,,2026-10-08,8417.5,99.72,8401.87,8249.74,7186.47,0.19,2.03,17.13,Close > EMA20 > EMA50 > EMA200
RRKABEL,,,2026-10-08,2696.4,92.48,2582.96,2551.24,2104.59,4.39,5.69,28.12,Close > EMA20 > EMA50 > EMA200
BALRAMCHIN,,,2026-10-08,689.45,90.77,678.39,659.83,577.79,1.63,4.49,19.32,Close > EMA20 > EMA50 > EMA200
FINCABLES,,,2026-10-08,1402.2,87.95,1412.85,1312.75,1089.35,-0.75,6.81,28.72,Close > EMA20 > EMA50 > EMA200
AVALON,,,2026-10-08,2302.0,87.56,2313.75,2170.26,1620.44,-0.51,6.07,42.06,Close > EMA20 > EMA50 > EMA200
SANSERA,,,2026-10-08,4129.4,87.36,4249.94,3979.17,3008.2,-2.84,3.78,37.27,Close > EMA20 > EMA50 > EMA200
FCL,,,2026-10-08,55.99,86.48,55.76,51.11,38.38,0.41,9.55,45.87,Close > EMA20 > EMA50 > EMA200
BLUESTONE,,,2026-10-08,799.25,86.34,819.22,794.52,652.55,-2.44,0.6,22.48,Close > EMA20 > EMA50 > EMA200
PWL,,,2026-10-08,140.48,85.95,130.66,127.76,124.43,7.52,9.95,12.9,Close > EMA20 > EMA50 > EMA200
JYOTICNC,,,2026-10-08,1009.9,83.98,1034.19,971.83,879.72,-2.35,3.92,14.8,Close > EMA20 > EMA50 > EMA200
LGEINDIA,,,2026-10-08,1723.0,83.11,1709.56,1663.18,1600.95,0.79,3.6,7.62,Close > EMA20 > EMA50 > EMA200
CPPLUS,,,2026-10-08,3972.2,82.64,3796.3,3655.07,2850.46,4.63,8.68,39.35,Close > EMA20 > EMA50 > EMA200
RAIN,,,2026-10-08,211.6,82.47,212.69,209.56,180.37,-0.51,0.98,17.32,Close > EMA20 > EMA50 > EMA200
GRAPHITE,,,2026-10-08,802.15,82.11,799.45,760.1,683.14,0.34,5.53,17.42,Close > EMA20 > EMA50 > EMA200
ENGINERSIN,,,2026-10-08,289.0,82.08,294.23,274.08,238.93,-1.78,5.44,20.96,Close > EMA20 > EMA50 > EMA200
SHILPAMED,,,2026-10-08,1025.3,79.11,1009.71,904.17,629.85,1.54,13.4,62.79,Close > EMA20 > EMA50 > EMA200
PAISALO,,,2026-10-08,81.13,77.89,81.92,77.01,59.3,-0.96,5.36,36.81,Close > EMA20 > EMA50 > EMA200
MOTILALOFS,,,2026-10-08,1014.3,75.75,1017.56,988.65,904.38,-0.32,2.59,12.15,Close > EMA20 > EMA50 > EMA200
KTKBANK,,,2026-10-08,320.8,72.49,325.57,316.78,268.45,-1.47,1.27,19.5,Close > EMA20 > EMA50 > EMA200
WELSPUNLIV,,,2026-10-08,225.07,70.6,221.2,201.99,163.3,1.75,11.43,37.82,Close > EMA20 > EMA50 > EMA200
IOLCP,,,2026-10-08,205.55,68.54,203.1,187.41,138.95,1.21,9.68,47.94,Close > EMA20 > EMA50 > EMA200
SKYGOLD,,,2026-10-08,884.5,68.15,819.59,770.39,574.56,7.92,14.81,53.95,Close > EMA20 > EMA50 > EMA200
LLOYDSENGG,,,2026-10-08,96.18,66.45,93.72,89.55,75.2,2.62,7.4,27.9,Close > EMA20 > EMA50 > EMA200
SAILIFE,,,2026-10-08,1505.6,65.85,1550.69,1489.7,1223.21,-2.91,1.07,23.09,Close > EMA20 > EMA50 > EMA200
SHREEJISPG,,,2026-10-08,800.75,60.3,744.54,686.22,519.08,7.55,16.69,54.26,Close > EMA20 > EMA50 > EMA200
AEQUS,,,2026-10-08,268.0,58.02,259.85,247.19,205.68,3.14,8.42,30.3,Close > EMA20 > EMA50 > EMA200
AEROFLEX,,,2026-10-08,529.0,56.34,531.2,505.61,386.5,-0.41,4.63,36.87,Close > EMA20 > EMA50 > EMA200
ACMESOLAR,,,2026-10-08,420.4,54.93,429.33,408.53,338.56,-2.08,2.91,24.17,Close > EMA20 > EMA50 > EMA200
MANINDS,,,2026-10-08,857.85,54.55,878.95,783.35,587.41,-2.4,9.51,46.04,Close > EMA20 > EMA50 > EMA200
NAZARA,,,2026-10-08,376.0,52.93,375.15,359.06,311.48,0.23,4.72,20.71,Close > EMA20 > EMA50 > EMA200
PVRINOX,,,2026-10-08,1309.2,52.21,1257.35,1208.65,1102.65,4.12,8.32,18.73,Close > EMA20 > EMA50 > EMA200
RKFORGE,,,2026-10-08,700.75,52.0,710.26,695.23,628.08,-1.34,0.79,11.57,Close > EMA20 > EMA50 > EMA200
EMIL,,,2026-10-08,193.31,50.5,194.52,179.5,143.89,-0.62,7.69,34.34,Close > EMA20 > EMA50 > EMA200
SHANTIGOLD,,,2026-10-08,350.65,49.35,297.79,268.78,232.77,17.75,30.46,50.64,Close > EMA20 > EMA50 > EMA200
MOTISONS,,,2026-10-08,17.57,49.16,17.47,16.5,15.4,0.6,6.49,14.12,Close > EMA20 > EMA50 > EMA200
TI,,,2026-10-08,548.05,48.83,552.08,535.08,479.23,-0.73,2.42,14.36,Close > EMA20 > EMA50 > EMA200
ANANDRATHI,,,2026-10-08,2138.9,46.5,2153.54,2133.0,1862.5,-0.68,0.28,14.84,Close > EMA20 > EMA50 > EMA200
LALPATHLAB,,,2026-10-08,1898.9,46.29,1938.04,1891.88,1689.41,-2.02,0.37,12.4,Close > EMA20 > EMA50 > EMA200
PTCIL,,,2026-10-08,24470.0,46.11,22684.4,21468.95,18703.28,7.87,13.98,30.83,Close > EMA20 > EMA50 > EMA200
NUVAMA,,,2026-10-08,1737.4,45.66,1737.31,1736.95,1593.0,0.01,0.03,9.06,Close > EMA20 > EMA50 > EMA200
MARINE,,,2026-10-08,452.6,45.15,429.52,388.02,289.99,5.37,16.64,56.07,Close > EMA20 > EMA50 > EMA200
PETRONET,,,2026-10-08,288.5,44.42,288.59,286.23,282.32,-0.03,0.79,2.19,Close > EMA20 > EMA50 > EMA200
SMLMAH,,,2026-10-08,5850.5,43.89,6231.37,5769.19,4574.19,-6.11,1.41,27.9,Close > EMA20 > EMA50 > EMA200
SHYAMMETL,,,2026-10-08,1066.8,43.18,1065.18,1046.87,958.66,0.15,1.9,11.28,Close > EMA20 > EMA50 > EMA200
CYIENTDLM,,,2026-10-08,981.3,42.76,916.87,825.41,596.68,7.03,18.89,64.46,Close > EMA20 > EMA50 > EMA200
CYIENT,,,2026-10-08,1084.7,42.49,1082.3,1025.36,1003.8,0.22,5.79,8.06,Close > EMA20 > EMA50 > EMA200
EBGNG,,,2026-10-08,692.15,42.39,679.03,636.49,503.18,1.93,8.75,37.56,Close > EMA20 > EMA50 > EMA200
IPCALAB,,,2026-10-08,1938.4,42.13,1947.74,1899.73,1690.77,-0.48,2.04,14.65,Close > EMA20 > EMA50 > EMA200
QPOWER,,,2026-10-08,1532.2,41.81,1532.57,1423.17,1147.31,-0.02,7.66,33.55,Close > EMA20 > EMA50 > EMA200
SBC,,,2026-10-08,63.21,41.07,54.2,48.38,38.15,16.63,30.66,65.68,Close > EMA20 > EMA50 > EMA200
AARTIPHARM,,,2026-10-08,879.05,40.77,906.07,849.35,769.05,-2.98,3.5,14.3,Close > EMA20 > EMA50 > EMA200
TEGA,,,2026-10-08,1958.1,40.35,1968.7,1833.56,1747.98,-0.54,6.79,12.02,Close > EMA20 > EMA50 > EMA200
CASTROLIND,,,2026-10-08,196.08,40.1,195.59,190.57,184.06,0.25,2.89,6.53,Close > EMA20 > EMA50 > EMA200
HONASA,,,2026-10-08,467.5,35.8,463.6,461.91,398.55,0.84,1.21,17.3,Close > EMA20 > EMA50 > EMA200
AETHER,,,2026-10-08,1744.1,35.58,1694.7,1619.78,1311.87,2.92,7.67,32.95,Close > EMA20 > EMA50 > EMA200
YATHARTH,,,2026-10-08,1014.2,34.22,1042.79,983.85,836.37,-2.74,3.08,21.26,Close > EMA20 > EMA50 > EMA200
KIRIINDUS,,,2026-10-08,542.55,34.2,541.12,506.58,471.19,0.26,7.1,15.15,Close > EMA20 > EMA50 > EMA200
RBA,,,2026-10-08,92.61,34.14,94.22,91.53,79.18,-1.71,1.18,16.96,Close > EMA20 > EMA50 > EMA200
STYLEBAAZA,,,2026-10-08,372.35,33.65,380.0,369.98,338.59,-2.01,0.64,9.97,Close > EMA20 > EMA50 > EMA200
NEOGEN,,,2026-10-08,2379.7,33.21,2361.07,2257.29,1885.78,0.79,5.42,26.19,Close > EMA20 > EMA50 > EMA200
SUDARSCHEM,,,2026-10-08,1176.8,33.2,1217.22,1173.34,1056.02,-3.32,0.3,11.44,Close > EMA20 > EMA50 > EMA200
ACE,,,2026-10-08,1179.8,33.02,1202.94,1149.75,1040.91,-1.92,2.61,13.34,Close > EMA20 > EMA50 > EMA200
VINCOFE,,,2026-10-08,175.79,32.37,178.37,170.67,155.03,-1.44,3.0,13.39,Close > EMA20 > EMA50 > EMA200
FILATEX,,,2026-10-08,109.74,31.89,101.01,88.8,66.17,8.65,23.59,65.84,Close > EMA20 > EMA50 > EMA200
MIDHANI,,,2026-10-08,442.55,31.78,431.69,424.86,398.76,2.52,4.16,10.98,Close > EMA20 > EMA50 > EMA200
GRWRHITECH,,,2026-10-08,6929.0,30.76,6829.63,6812.87,5675.89,1.46,1.7,22.08,Close > EMA20 > EMA50 > EMA200
GCSL,,,2026-10-08,697.75,30.67,647.36,590.18,460.84,7.78,18.23,51.41,Close > EMA20 > EMA50 > EMA200
UNIMECH,,,2026-10-08,1751.9,30.42,1693.87,1548.9,1239.17,3.43,13.11,41.38,Close > EMA20 > EMA50 > EMA200
BBOX,,,2026-10-08,856.55,30.4,807.89,798.4,728.25,6.02,7.28,17.62,Close > EMA20 > EMA50 > EMA200
MANORAMA,,,2026-10-08,1998.5,30.08,1931.43,1857.76,1598.15,3.47,7.58,25.05,Close > EMA20 > EMA50 > EMA200
DEEPINDS,,,2026-10-08,777.6,29.81,754.95,699.9,558.07,3.0,11.1,39.34,Close > EMA20 > EMA50 > EMA200
GNFC,,,2026-10-08,599.25,29.54,596.39,569.5,513.26,0.48,5.22,16.75,Close > EMA20 > EMA50 > EMA200
SSWL,,,2026-10-08,410.5,29.52,384.95,347.5,271.56,6.64,18.13,51.16,Close > EMA20 > EMA50 > EMA200
GMMPFAUDLR,,,2026-10-08,1340.4,28.36,1375.86,1217.63,1038.37,-2.58,10.08,29.09,Close > EMA20 > EMA50 > EMA200
SBCL,,,2026-10-08,1050.6,28.3,1087.78,1019.01,763.66,-3.42,3.1,37.57,Close > EMA20 > EMA50 > EMA200
IBULLSLTD,,,2026-10-08,34.88,28.29,29.7,28.23,22.64,17.45,23.56,54.05,Close > EMA20 > EMA50 > EMA200
SETL,,,2026-10-08,408.35,27.97,410.44,367.28,250.48,-0.51,11.18,63.02,Close > EMA20 > EMA50 > EMA200
PARAGMILK,,,2026-10-08,303.25,27.93,275.42,256.51,240.66,10.1,18.22,26.01,Close > EMA20 > EMA50 > EMA200
AXISCADES,,,2026-10-08,2077.6,27.41,2011.05,1849.51,1655.33,3.31,12.33,25.51,Close > EMA20 > EMA50 > EMA200
ROSSTECH,,,2026-10-08,1570.1,26.47,1435.13,1273.23,984.67,9.4,23.32,59.45,Close > EMA20 > EMA50 > EMA200
RAYMONDREL,,,2026-10-08,679.9,25.86,649.41,624.29,597.48,4.7,8.91,13.79,Close > EMA20 > EMA50 > EMA200
WELENT,,,2026-10-08,732.35,25.56,740.57,701.41,593.16,-1.11,4.41,23.47,Close > EMA20 > EMA50 > EMA200
USHAMART,,,2026-10-08,503.95,25.54,507.91,503.21,470.16,-0.78,0.15,7.19,Close > EMA20 > EMA50 > EMA200
PRECWIRE,,,2026-10-08,493.15,25.39,488.18,461.35,376.21,1.02,6.89,31.08,Close > EMA20 > EMA50 > EMA200
RPTECH,,,2026-10-08,898.8,25.37,890.5,842.18,637.51,0.93,6.72,40.99,Close > EMA20 > EMA50 > EMA200
TBOTEK,,,2026-10-08,1666.5,25.25,1681.4,1641.65,1496.72,-0.89,1.51,11.34,Close > EMA20 > EMA50 > EMA200
SUDEEPPHRM,,,2026-10-08,1114.9,25.12,1168.24,1110.2,888.63,-4.57,0.42,25.46,Close > EMA20 > EMA50 > EMA200
ABDL,,,2026-10-08,693.45,24.64,677.23,648.58,584.84,2.4,6.92,18.57,Close > EMA20 > EMA50 > EMA200
INDGN,,,2026-10-08,586.15,24.51,593.53,576.28,539.94,-1.24,1.71,8.56,Close > EMA20 > EMA50 > EMA200
AEGISVOPAK,,,2026-10-08,285.2,24.38,293.38,284.85,253.82,-2.79,0.12,12.36,Close > EMA20 > EMA50 > EMA200
ENTERO,,,2026-10-08,1688.8,24.2,1734.36,1626.5,1353.7,-2.63,3.83,24.75,Close > EMA20 > EMA50 > EMA200
CARBORUNIV,,,2026-10-08,1209.4,24.07,1203.91,1154.49,1044.97,0.46,4.76,15.74,Close > EMA20 > EMA50 > EMA200
JAMNAAUTO,,,2026-10-08,147.95,23.92,135.92,131.71,124.99,8.85,12.33,18.37,Close > EMA20 > EMA50 > EMA200
KMEW,,,2026-10-08,3256.7,23.87,2998.23,2819.77,2200.48,8.62,15.5,48.0,Close > EMA20 > EMA50 > EMA200
DYNAMATECH,,,2026-10-08,13391.0,23.75,12957.04,12122.11,10589.78,3.35,10.47,26.45,Close > EMA20 > EMA50 > EMA200
SAMBHV,,,2026-10-08,157.31,23.66,151.33,138.5,119.09,3.95,13.58,32.09,Close > EMA20 > EMA50 > EMA200
ELLEN,,,2026-10-08,350.4,23.49,352.4,334.28,322.37,-0.57,4.82,8.7,Close > EMA20 > EMA50 > EMA200
VARROC,,,2026-10-08,802.9,23.15,832.84,801.91,675.17,-3.6,0.12,18.92,Close > EMA20 > EMA50 > EMA200
GANDHAR,,,2026-10-08,296.45,23.02,274.73,256.67,201.48,7.9,15.5,47.14,Close > EMA20 > EMA50 > EMA200
INDSWFTLAB,,,2026-10-08,366.1,22.9,383.82,343.71,226.81,-4.62,6.51,61.41,Close > EMA20 > EMA50 > EMA200
CONFIPET,,,2026-10-08,84.9,22.86,86.4,82.48,66.45,-1.73,2.94,27.76,Close > EMA20 > EMA50 > EMA200
VENUSPIPES,,,2026-10-08,2119.8,22.5,2100.69,1914.28,1571.4,0.91,10.74,34.9,Close > EMA20 > EMA50 > EMA200
ANTELOPUS,,,2026-10-08,1105.8,22.04,1096.31,1000.63,790.46,0.87,10.51,39.89,Close > EMA20 > EMA50 > EMA200
GREAVESCOT,,,2026-10-08,211.61,22.0,213.12,208.33,196.63,-0.71,1.58,7.62,Close > EMA20 > EMA50 > EMA200
WHEELS,,,2026-10-08,2208.2,21.4,2147.33,1909.97,1431.24,2.83,15.61,54.29,Close > EMA20 > EMA50 > EMA200
CENTUM,,,2026-10-08,4142.1,21.3,4420.18,4105.66,3357.95,-6.29,0.89,23.35,Close > EMA20 > EMA50 > EMA200
GPPL,,,2026-10-08,166.64,21.29,164.43,160.0,156.09,1.35,4.15,6.76,Close > EMA20 > EMA50 > EMA200
THELEELA,,,2026-10-08,586.95,20.91,559.36,537.23,479.16,4.93,9.26,22.49,Close > EMA20 > EMA50 > EMA200
AKUMS,,,2026-10-08,786.7,20.64,796.78,758.34,630.57,-1.26,3.74,24.76,Close > EMA20 > EMA50 > EMA200
ARIS,,,2026-10-08,136.42,20.48,137.18,133.36,129.8,-0.55,2.29,5.1,Close > EMA20 > EMA50 > EMA200
JGCHEM,,,2026-10-08,638.7,20.25,622.72,588.7,481.39,2.57,8.49,32.68,Close > EMA20 > EMA50 > EMA200
QUADFUTURE,,,2026-10-08,505.75,20.13,508.3,461.23,392.14,-0.5,9.65,28.97,Close > EMA20 > EMA50 > EMA200
ICIL,,,2026-10-08,449.0,19.48,448.94,433.05,363.58,0.01,3.68,23.5,Close > EMA20 > EMA50 > EMA200
UNIVCABLES,,,2026-10-08,1549.9,19.38,1523.28,1482.45,1171.3,1.75,4.55,32.32,Close > EMA20 > EMA50 > EMA200
ATLANTAELE,,,2026-10-08,1806.6,19.27,1742.9,1726.58,1491.86,3.65,4.63,21.1,Close > EMA20 > EMA50 > EMA200
KPIL,,,2026-10-08,1401.5,19.11,1402.22,1382.94,1292.36,-0.05,1.34,8.44,Close > EMA20 > EMA50 > EMA200
SOLARA,,,2026-10-08,654.9,19.01,696.81,654.74,581.7,-6.01,0.02,12.58,Close > EMA20 > EMA50 > EMA200
NRBBEARING,,,2026-10-08,510.2,18.57,517.87,487.42,391.1,-1.48,4.67,30.45,Close > EMA20 > EMA50 > EMA200
SOTL,,,2026-10-08,764.2,17.81,730.14,692.97,549.08,4.67,10.28,39.18,Close > EMA20 > EMA50 > EMA200
GNA,,,2026-10-08,557.7,17.81,576.6,551.29,461.73,-3.28,1.16,20.78,Close > EMA20 > EMA50 > EMA200
VINDHYATEL,,,2026-10-08,2776.7,17.04,2701.99,2543.78,1997.15,2.76,9.16,39.03,Close > EMA20 > EMA50 > EMA200
SYNCOMF,,,2026-10-08,23.57,16.99,21.88,19.31,16.16,7.71,22.04,45.85,Close > EMA20 > EMA50 > EMA200
PGIL,,,2026-10-08,1272.3,16.99,1240.1,1174.67,964.1,2.6,8.31,31.97,Close > EMA20 > EMA50 > EMA200
GENESYS,,,2026-10-08,279.6,16.58,276.91,253.24,246.73,0.97,10.41,13.32,Close > EMA20 > EMA50 > EMA200
SGMART,,,2026-10-08,743.45,16.35,746.46,736.3,602.5,-0.4,0.97,23.39,Close > EMA20 > EMA50 > EMA200
LXCHEM,,,2026-10-08,182.03,15.58,179.87,175.79,168.23,1.2,3.55,8.2,Close > EMA20 > EMA50 > EMA200
YASHO,,,2026-10-08,4114.7,15.5,4109.63,3929.97,2852.6,0.12,4.7,44.24,Close > EMA20 > EMA50 > EMA200
BEPL,,,2026-10-08,123.44,15.0,126.16,123.01,108.95,-2.15,0.35,13.3,Close > EMA20 > EMA50 > EMA200
