Date,BreakoutsThatDay,Average10DayReturnPct,Average20DayReturnPct,Target25BeforeStopPct,Stop7BeforeTargetPct,AverageRuleBasedReturnPct
2021-03-23,16,5.373,2.063,12.5,50.0,1.133
2021-03-24,9,8.121,1.16,33.333,55.556,5.186
2021-03-25,4,9.123,15.826,25.0,0.0,12.473
2021-03-26,5,2.438,9.836,40.0,40.0,10.2
2021-03-30,16,1.653,4.072,12.5,50.0,2.054
2021-03-31,15,-2.625,-0.277,13.333,60.0,-0.197
2021-04-01,13,2.3,5.951,15.385,30.769,6.095
2021-04-05,16,-0.183,5.449,25.0,50.0,4.493
2021-04-06,23,3.026,7.823,34.783,39.13,7.326
2021-04-07,31,2.384,9.693,19.355,35.484,4.534
2021-04-08,27,-1.818,7.925,22.222,59.259,1.83
2021-04-09,46,-0.774,6.17,8.696,50.0,1.827
2021-04-12,11,0.855,1.447,0.0,27.273,0.41
2021-04-13,8,2.887,6.943,12.5,0.0,9.291
2021-04-15,12,5.278,9.719,41.667,33.333,9.934
2021-04-16,24,5.858,9.006,37.5,33.333,8.885
2021-04-19,23,1.189,6.837,17.391,26.087,4.185
2021-04-20,12,4.333,8.12,16.667,16.667,9.965
2021-04-22,12,1.067,4.726,16.667,25.0,6.338
2021-04-23,16,5.744,8.232,18.75,25.0,6.448
2021-04-26,22,6.335,9.782,18.182,22.727,6.275
2021-04-27,21,4.661,7.32,19.048,23.81,7.873
2021-04-28,31,3.867,12.915,32.258,32.258,9.201
2021-04-29,28,4.542,13.803,42.857,14.286,13.589
2021-04-30,27,8.512,13.244,48.148,14.815,15.837
2021-05-03,32,5.875,9.758,40.625,9.375,13.238
2021-05-04,25,7.264,13.589,44.0,8.0,13.97
2021-05-05,34,5.322,11.625,38.235,17.647,9.99
2021-05-06,39,2.29,8.354,17.949,25.641,6.306
2021-05-07,38,6.433,15.675,44.737,15.789,12.982
2021-05-10,70,5.805,13.429,37.143,12.857,10.973
2021-05-11,107,6.215,13.928,38.318,13.084,11.602
2021-05-12,81,6.464,15.826,37.037,17.284,11.937
2021-05-14,52,8.031,16.905,46.154,3.846,14.686
2021-05-17,75,6.871,12.968,38.667,18.667,10.949
2021-05-18,111,6.447,14.146,26.126,18.018,8.853
2021-05-19,94,7.935,14.105,32.979,13.83,10.664
2021-05-20,78,8.251,13.825,42.308,19.231,11.663
2021-05-21,90,6.396,6.97,24.444,24.444,7.467
2021-05-24,116,7.458,7.227,29.31,18.966,9.317
2021-05-25,90,6.825,9.607,30.0,22.222,9.008
2021-05-26,79,5.834,8.886,29.114,24.051,8.621
2021-05-27,78,5.235,6.658,15.385,17.949,5.889
2021-05-28,47,8.331,8.503,25.532,14.894,7.646
2021-05-31,50,5.217,4.536,14.0,20.0,5.515
2021-06-01,31,10.02,9.569,32.258,16.129,10.823
2021-06-02,50,5.453,10.111,26.0,36.0,7.36
2021-06-03,76,2.37,4.371,21.053,31.579,5.259
2021-06-04,80,2.439,5.705,22.5,35.0,5.116
2021-06-07,97,1.792,4.815,16.495,38.144,3.522
2021-06-08,90,0.466,2.545,10.0,40.0,1.11
2021-06-09,62,0.758,4.505,17.742,30.645,4.22
2021-06-10,59,-0.903,3.293,13.559,50.847,1.403
2021-06-11,60,0.837,2.508,15.0,43.333,2.549
2021-06-14,50,3.878,5.442,22.0,50.0,3.822
2021-06-15,53,-0.345,3.48,11.321,54.717,0.998
2021-06-16,25,-0.445,2.047,16.0,52.0,1.754
2021-06-17,23,2.754,4.586,13.043,30.435,4.163
2021-06-18,27,9.981,9.439,29.63,18.519,7.87
2021-06-21,22,2.015,1.728,13.636,45.455,1.684
2021-06-22,19,3.22,4.288,15.789,36.842,4.636
2021-06-23,30,3.852,1.671,10.0,40.0,0.737
2021-06-24,22,2.23,2.694,13.636,36.364,3.36
2021-06-25,31,2.876,5.247,29.032,29.032,6.745
2021-06-28,27,4.825,6.144,22.222,37.037,5.888
2021-06-29,32,4.659,7.235,18.75,34.375,4.853
2021-06-30,42,4.793,6.852,30.952,40.476,6.741
2021-07-01,31,6.438,10.668,38.71,35.484,8.814
2021-07-02,51,4.157,9.824,27.451,41.176,5.405
2021-07-05,70,4.689,10.023,28.571,44.286,4.909
2021-07-06,57,2.603,5.89,15.789,35.088,4.046
2021-07-07,42,3.946,0.936,19.048,57.143,0.9
2021-07-08,34,2.762,6.524,20.588,52.941,2.574
2021-07-09,45,7.031,8.092,28.889,48.889,5.058
2021-07-12,88,4.952,1.349,14.773,60.227,0.606
2021-07-13,106,2.328,-2.492,14.151,65.094,-0.464
2021-07-14,72,2.32,1.044,13.889,58.333,0.864
2021-07-15,82,2.093,1.574,10.976,56.098,0.981
2021-07-16,71,2.699,-1.226,12.676,57.746,1.552
2021-07-19,63,2.526,-1.741,7.937,73.016,-2.328
2021-07-20,37,2.304,-2.181,13.514,62.162,0.213
2021-07-22,45,1.851,-1.175,15.556,51.111,3.882
2021-07-23,49,2.518,-3.003,18.367,42.857,4.524
2021-07-26,54,1.197,-3.157,18.519,61.111,2.332
2021-07-27,56,-2.855,-3.706,10.714,64.286,0.103
2021-07-28,40,-1.107,-1.974,7.5,65.0,-1.271
2021-07-29,54,-1.47,-3.169,9.259,74.074,-0.895
2021-07-30,52,-1.053,-1.969,5.769,59.615,0.343
2021-08-02,62,-3.008,-1.636,11.29,74.194,-0.704
2021-08-03,70,-4.15,-2.977,5.714,70.0,-0.908
2021-08-04,42,-3.826,-2.221,2.381,69.048,-2.219
2021-08-05,28,0.135,5.023,17.857,39.286,6.694
2021-08-06,26,-2.029,3.879,7.692,46.154,2.185
2021-08-09,28,-0.79,7.175,14.286,64.286,1.621
2021-08-10,18,4.264,10.727,22.222,33.333,7.728
2021-08-11,11,1.647,5.208,18.182,36.364,5.461
2021-08-12,16,-1.762,6.029,6.25,43.75,2.47
2021-08-13,18,-0.856,0.678,0.0,33.333,1.02
2021-08-16,17,4.715,11.169,17.647,35.294,5.846
2021-08-17,22,3.052,7.286,22.727,18.182,5.971
2021-08-18,17,7.993,5.42,23.529,23.529,8.174
2021-08-20,13,9.656,8.859,23.077,7.692,8.499
2021-08-23,17,8.693,18.799,35.294,5.882,12.295
2021-08-24,12,8.542,4.984,25.0,8.333,11.623
2021-08-25,15,8.85,15.563,20.0,0.0,9.65
2021-08-26,21,7.486,9.494,23.81,19.048,7.005
2021-08-27,24,5.619,6.175,20.833,12.5,7.183
2021-08-30,38,4.668,5.652,26.316,18.421,7.962
2021-08-31,53,4.515,4.266,15.094,24.528,6.472
2021-09-01,34,4.249,5.229,11.765,20.588,7.25
2021-09-02,46,1.676,5.474,13.043,39.13,4.487
2021-09-03,42,-0.221,3.617,16.667,28.571,5.289
2021-09-06,40,0.028,4.027,12.5,30.0,3.101
2021-09-07,39,2.302,3.967,23.077,33.333,4.718
2021-09-08,42,2.173,8.071,23.81,35.714,5.127
2021-09-09,45,1.315,8.079,24.444,51.111,3.274
2021-09-13,59,2.47,8.813,23.729,49.153,3.254
2021-09-14,75,0.843,9.999,18.667,54.667,2.128
2021-09-15,122,0.737,6.768,20.492,55.738,2.322
2021-09-16,120,0.532,7.565,12.5,60.0,-0.171
2021-09-17,76,1.463,9.648,10.526,57.895,-0.295
2021-09-20,25,6.476,10.425,36.0,28.0,8.034
2021-09-21,28,8.061,9.32,42.857,21.429,10.643
2021-09-22,48,4.753,5.502,25.0,52.083,4.172
2021-09-23,61,3.764,3.596,18.033,45.902,3.884
2021-09-24,51,4.317,-0.224,21.569,47.059,4.407
2021-09-27,60,5.24,3.339,20.0,35.0,5.898
2021-09-28,40,6.429,1.469,10.0,42.5,1.838
2021-09-29,55,7.721,1.851,27.273,41.818,5.678
2021-09-30,53,7.919,3.543,24.528,39.623,4.419
2021-10-01,41,9.092,5.628,31.707,39.024,6.445
2021-10-04,63,1.304,-0.85,11.111,71.429,-1.599
2021-10-05,74,-0.003,0.548,16.216,59.459,0.099
2021-10-06,58,-0.088,0.587,12.069,67.241,-1.382
2021-10-07,60,-1.715,0.961,15.0,63.333,-0.108
2021-10-08,69,-4.731,0.492,13.043,72.464,-1.176
2021-10-11,87,-2.489,2.186,12.644,77.011,-1.905
2021-10-12,87,-1.79,2.276,9.195,72.414,-3.096
2021-10-13,103,-5.549,-0.003,4.854,85.437,-4.987
2021-10-14,90,-6.607,-4.198,1.111,85.556,-5.664
2021-10-18,111,-3.819,-1.488,3.604,92.793,-5.584
2021-10-19,52,-3.597,0.06,5.769,84.615,-4.385
2021-10-20,19,0.184,-1.173,0.0,78.947,-5.266
2021-10-21,23,0.35,0.786,8.696,82.609,-4.008
2021-10-22,27,0.366,-3.219,11.111,85.185,-2.882
2021-10-25,24,1.733,0.458,8.333,75.0,-2.902
2021-10-26,14,-0.1,-3.519,0.0,64.286,-3.064
2021-10-27,14,6.751,10.025,35.714,50.0,5.62
2021-10-28,10,13.195,9.405,30.0,30.0,9.176
2021-10-29,15,5.559,1.744,20.0,46.667,2.704
2021-11-01,14,6.627,2.922,21.429,57.143,2.066
2021-11-02,14,3.327,-2.057,14.286,71.429,-0.167
2021-11-03,11,0.373,-2.148,18.182,72.727,-1.073
2021-11-04,1,-0.709,-3.661,0.0,100.0,-7.0
2021-11-08,29,-6.553,-11.745,3.448,93.103,-5.03
2021-11-09,35,-3.698,-3.144,11.429,77.143,-1.686
2021-11-10,29,-3.221,-0.176,13.793,75.862,-1.735
2021-11-11,33,-6.146,-3.566,12.121,66.667,-1.445
2021-11-12,21,-1.707,6.519,14.286,66.667,-0.488
2021-11-15,36,-0.017,5.705,13.889,61.111,0.765
2021-11-16,33,-6.718,-1.816,3.03,84.848,-4.518
2021-11-17,35,-2.545,0.479,5.714,91.429,-4.912
2021-11-18,15,-3.989,-6.601,20.0,80.0,-0.6
2021-11-22,7,0.47,0.319,14.286,71.429,1.055
2021-11-23,10,11.913,5.329,40.0,30.0,9.478
2021-11-24,20,1.725,4.713,15.0,55.0,1.623
2021-11-25,17,6.493,-0.21,5.882,52.941,-1.769
2021-11-26,14,6.424,10.195,21.429,64.286,0.728
2021-11-29,18,4.212,2.051,11.111,66.667,-1.727
2021-11-30,11,-2.022,0.164,9.091,72.727,-1.961
2021-12-01,7,-3.379,-8.173,14.286,71.429,-1.061
2021-12-02,12,-1.076,3.026,8.333,66.667,0.166
2021-12-03,7,1.302,14.128,14.286,57.143,1.504
2021-12-06,6,-15.653,-3.028,16.667,83.333,-1.667
2021-12-07,8,-8.345,-4.889,0.0,62.5,-1.186
2021-12-08,9,-6.669,0.332,11.111,66.667,-0.046
2021-12-09,19,-1.419,6.321,15.789,78.947,-1.251
2021-12-10,32,-1.87,8.387,15.625,75.0,-1.232
2021-12-13,22,-1.898,2.992,9.091,86.364,-3.921
2021-12-14,24,-0.647,7.326,12.5,79.167,-2.304
2021-12-15,23,-0.811,8.107,17.391,78.261,-0.187
2021-12-16,23,4.88,18.691,17.391,82.609,-1.435
2021-12-17,20,10.975,17.756,15.0,70.0,-0.632
2021-12-20,6,23.202,39.978,50.0,16.667,12.609
2021-12-21,9,3.708,6.556,11.111,66.667,-2.277
2021-12-22,10,6.812,3.403,30.0,50.0,3.581
2021-12-23,18,-0.644,-3.142,11.111,66.667,-0.714
2021-12-24,18,-1.173,-3.658,11.111,61.111,0.209
2021-12-27,27,2.814,-4.22,11.111,40.741,0.93
2021-12-28,32,6.255,-1.697,12.5,75.0,-1.763
2021-12-29,41,2.148,-4.417,14.634,58.537,0.305
2021-12-30,43,3.287,-2.992,11.628,65.116,-0.806
2021-12-31,47,3.132,-1.278,12.766,72.34,-1.641
2022-01-03,75,5.024,0.207,14.667,58.667,-0.511
2022-01-04,81,3.062,-1.792,14.815,65.432,-0.18
2022-01-05,73,1.062,-1.715,8.219,82.192,-3.521
2022-01-06,56,2.39,0.467,12.5,73.214,-1.169
2022-01-07,73,0.278,-1.008,8.219,79.452,-3.384
2022-01-10,114,-4.977,-2.065,6.14,80.702,-4.078
2022-01-11,105,-3.794,-1.102,8.571,85.714,-3.74
2022-01-12,124,-5.138,-4.195,6.452,90.323,-4.801
2022-01-13,115,-3.058,-2.726,7.826,87.826,-4.257
2022-01-14,119,-5.563,-10.817,2.521,94.958,-5.933
2022-01-17,126,-4.142,-8.121,3.175,92.063,-5.626
2022-01-18,43,-1.841,-6.908,4.651,81.395,-4.119
2022-01-19,40,-3.179,-8.353,5.0,95.0,-5.4
2022-01-20,39,0.139,-5.692,12.821,82.051,-2.04
2022-01-21,26,1.108,-5.997,15.385,80.769,-1.808
2022-01-24,11,1.909,-4.836,18.182,63.636,0.91
2022-01-25,12,-3.214,-7.548,0.0,91.667,-5.868
2022-01-27,15,-0.569,-14.226,0.0,93.333,-6.361
2022-01-28,7,1.066,-1.873,28.571,71.429,2.143
2022-01-31,17,-7.465,-8.767,5.882,88.235,-4.438
2022-02-01,12,-3.045,-7.4,8.333,66.667,-0.69
2022-02-02,27,-3.298,-8.602,7.407,92.593,-4.63
2022-02-03,15,-4.766,-9.555,0.0,93.333,-6.648
2022-02-04,11,-2.389,-10.803,9.091,72.727,-0.418
2022-02-07,13,4.261,-5.934,15.385,61.538,0.302
2022-02-08,9,-3.342,-16.004,0.0,100.0,-7.0
2022-02-09,10,-4.335,-10.951,0.0,90.0,-6.3
2022-02-10,12,-5.953,-5.594,0.0,66.667,-2.945
2022-02-11,8,-8.759,-13.472,0.0,75.0,-4.234
2022-02-14,16,5.71,15.286,31.25,31.25,6.709
2022-02-15,7,-0.256,1.415,28.571,57.143,3.464
2022-02-16,6,-7.535,-3.806,16.667,83.333,-1.667
2022-02-17,6,-8.0,-9.091,0.0,66.667,-3.908
2022-02-18,4,-18.934,-16.837,0.0,100.0,-7.0
2022-02-21,4,-2.586,19.562,0.0,75.0,-4.569
2022-02-22,4,1.331,2.75,0.0,25.0,-0.277
2022-02-23,1,-4.793,-2.686,0.0,100.0,-7.0
2022-02-24,13,0.422,-0.732,0.0,23.077,-0.707
2022-02-25,1,-2.399,6.217,0.0,100.0,-7.0
2022-02-28,7,0.254,1.824,0.0,42.857,1.261
2022-03-02,11,-3.331,-3.056,0.0,63.636,-0.456
2022-03-03,7,-4.057,0.459,0.0,57.143,-2.336
2022-03-04,2,1.561,2.149,0.0,50.0,-2.813
2022-03-07,16,-3.428,-0.443,6.25,43.75,-1.821
2022-03-08,2,-4.572,-6.306,0.0,100.0,-7.0
2022-03-09,7,1.531,2.975,28.571,57.143,4.763
2022-03-10,5,5.437,8.718,20.0,0.0,9.767
2022-03-11,13,-1.431,4.927,7.692,23.077,4.118
2022-03-14,12,1.889,5.677,16.667,33.333,3.718
2022-03-15,8,-0.734,10.566,25.0,62.5,3.13
2022-03-16,11,-1.064,4.893,9.091,36.364,0.824
2022-03-17,28,3.133,2.672,17.857,39.286,2.223
2022-03-21,34,2.158,1.939,11.765,61.765,-1.525
2022-03-22,24,5.25,4.478,12.5,58.333,-0.311
2022-03-23,29,8.746,8.478,17.241,58.621,0.078
2022-03-24,28,1.723,-1.093,10.714,82.143,-2.741
2022-03-25,24,7.525,5.677,12.5,75.0,-2.178
2022-03-28,23,7.05,5.422,17.391,65.217,-0.208
2022-03-29,34,3.417,2.696,8.824,76.471,-3.421
2022-03-30,42,2.441,1.81,4.762,88.095,-4.886
2022-03-31,35,0.735,-1.355,2.857,82.857,-4.163
2022-04-01,51,0.759,-2.467,9.804,76.471,-2.606
2022-04-04,100,0.376,-2.895,10.0,86.0,-3.482
2022-04-05,125,1.978,-5.603,10.4,80.8,-2.835
2022-04-06,99,1.763,-6.717,11.111,81.818,-2.756
2022-04-07,85,1.278,-6.954,10.588,80.0,-2.68
2022-04-08,70,-0.174,-10.566,4.286,88.571,-5.053
2022-04-11,73,-1.953,-12.384,5.479,89.041,-4.537
2022-04-12,37,-0.397,-11.608,8.108,83.784,-3.954
2022-04-13,41,-2.326,-10.049,9.756,78.049,-3.06
2022-04-18,42,-4.045,-9.24,4.762,85.714,-4.377
2022-04-19,24,-6.15,-8.455,4.167,91.667,-5.186
2022-04-20,22,-0.768,-5.179,9.091,72.727,-2.082
2022-04-21,31,-6.633,-4.292,6.452,93.548,-4.935
2022-04-22,26,-2.608,1.261,11.538,76.923,-2.376
2022-04-25,10,1.539,10.384,20.0,60.0,0.883
2022-04-26,21,-6.384,-1.875,9.524,76.19,-2.104
2022-04-27,18,-13.136,-9.249,0.0,88.889,-5.563
2022-04-28,18,-10.862,-10.349,5.556,77.778,-3.547
2022-04-29,10,-16.729,-15.617,0.0,100.0,-7.0
2022-05-02,12,-7.388,-7.726,8.333,75.0,-3.17
2022-05-04,9,-5.655,-5.94,0.0,66.667,-5.34
2022-05-05,4,10.722,35.43,25.0,75.0,1.0
2022-05-06,7,14.963,42.535,28.571,71.429,2.143
2022-05-09,7,-4.901,-4.635,0.0,100.0,-7.0
2022-05-10,1,19.894,0.759,100.0,0.0,25.0
2022-05-11,2,27.957,74.194,50.0,0.0,12.503
2022-05-12,3,6.144,-5.94,0.0,66.667,-4.667
2022-05-13,2,-6.061,-18.182,0.0,50.0,-3.5
2022-05-17,4,0.327,-2.6,0.0,25.0,0.273
2022-05-18,6,-0.721,-5.107,0.0,83.333,-4.792
2022-05-19,3,2.439,-3.3,0.0,33.333,-0.652
2022-05-20,6,1.321,-4.876,0.0,66.667,-4.329
2022-05-23,12,1.476,0.248,16.667,58.333,1.798
2022-05-24,3,-3.61,-4.2,0.0,66.667,-4.306
2022-05-25,3,8.344,2.744,33.333,33.333,7.722
2022-05-26,4,14.834,37.848,25.0,25.0,5.826
2022-05-27,5,10.437,5.061,20.0,60.0,3.715
2022-05-30,13,3.946,18.065,15.385,61.538,2.502
2022-05-31,22,-1.644,4.926,4.545,77.273,-2.706
2022-06-01,14,0.147,-4.404,7.143,85.714,-4.042
2022-06-02,12,-4.813,-3.923,0.0,66.667,-2.331
2022-06-03,16,-6.547,-5.791,0.0,75.0,-4.989
2022-06-06,8,-9.248,-3.918,0.0,87.5,-3.919
2022-06-07,5,-6.275,-10.076,20.0,80.0,-0.6
2022-06-08,12,0.261,5.149,16.667,58.333,1.486
2022-06-09,10,-4.849,-3.466,10.0,80.0,-1.756
2022-06-10,7,-2.732,-1.463,0.0,85.714,-5.458
2022-06-13,4,-2.973,-10.1,0.0,25.0,-2.421
2022-06-14,2,-1.161,2.109,0.0,100.0,-7.0
2022-06-15,3,22.246,5.091,33.333,33.333,9.392
2022-06-16,2,2.636,4.416,0.0,0.0,5.835
2022-06-17,3,12.879,-3.505,33.333,33.333,8.332
2022-06-20,3,15.949,2.993,66.667,0.0,18.157
2022-06-21,4,-12.038,-9.687,0.0,75.0,-4.901
2022-06-22,1,13.051,25.491,100.0,0.0,25.0
2022-06-23,8,3.157,7.886,25.0,37.5,8.75
2022-06-24,11,2.503,6.213,18.182,27.273,7.763
2022-06-27,12,5.893,6.981,25.0,33.333,9.498
2022-06-28,20,3.358,4.066,0.0,15.0,4.601
2022-06-29,21,2.25,4.073,19.048,23.81,5.851
2022-06-30,18,1.772,4.565,0.0,27.778,4.295
2022-07-01,27,3.617,12.034,7.407,18.519,5.915
2022-07-04,32,5.08,13.249,15.625,18.75,7.556
2022-07-05,27,8.822,16.757,29.63,3.704,14.627
2022-07-06,44,3.066,6.562,15.909,15.909,7.995
2022-07-07,56,4.381,5.587,12.5,16.071,7.423
2022-07-08,57,4.693,8.458,15.789,17.544,8.257
2022-07-11,93,4.213,8.982,26.882,26.882,7.896
2022-07-12,67,2.328,5.624,16.418,32.836,5.433
2022-07-13,55,3.986,9.797,21.818,23.636,6.943
2022-07-14,41,1.17,4.565,9.756,29.268,3.229
2022-07-15,57,2.806,6.915,19.298,31.579,5.041
2022-07-18,134,4.552,8.722,21.642,31.343,7.345
2022-07-19,146,3.727,6.919,17.808,30.137,6.77
2022-07-20,149,3.188,7.605,16.107,25.503,6.891
2022-07-21,153,2.297,3.703,17.647,33.987,6.072
2022-07-22,165,2.671,4.62,20.606,27.879,7.209
2022-07-25,105,3.358,9.452,23.81,35.238,7.004
2022-07-26,56,3.197,7.124,30.357,35.714,8.135
2022-07-27,66,5.494,12.434,28.788,28.788,9.824
2022-07-28,97,5.077,7.35,25.773,13.402,10.422
2022-07-29,173,3.042,5.747,15.607,24.277,6.587
2022-08-01,218,3.259,7.086,19.266,27.982,6.877
2022-08-02,197,1.592,4.812,17.259,33.503,4.608
2022-08-03,106,1.736,6.769,16.981,36.792,3.894
2022-08-04,115,0.457,5.961,16.522,38.261,3.286
2022-08-05,91,0.935,4.898,17.582,32.967,4.094
2022-08-08,95,0.38,3.634,16.842,38.947,3.421
2022-08-10,85,0.752,3.92,12.941,35.294,1.882
2022-08-11,84,3.204,8.106,13.095,28.571,2.04
2022-08-12,76,0.677,7.078,13.158,51.316,0.655
2022-08-16,110,2.81,6.589,16.364,45.455,1.296
2022-08-17,93,1.232,4.553,8.602,54.839,-2.335
2022-08-18,103,3.098,6.52,13.592,53.398,0.249
2022-08-19,61,4.223,7.983,19.672,59.016,1.165
2022-08-22,33,1.192,3.094,12.121,51.515,0.386
2022-08-23,39,3.431,5.818,20.513,51.282,2.739
2022-08-24,48,3.441,2.34,6.25,54.167,-0.361
2022-08-25,78,4.345,3.44,14.103,51.282,1.029
2022-08-26,67,5.26,-0.134,19.403,46.269,2.491
2022-08-29,54,4.416,-2.034,16.667,53.704,1.821
2022-08-30,88,4.48,-2.677,10.227,56.818,-0.444
2022-09-01,76,4.018,-3.345,7.895,59.211,-1.643
2022-09-02,78,1.386,-1.708,8.974,62.821,-1.365
2022-09-05,89,0.541,-2.726,6.742,69.663,-2.447
2022-09-06,90,2.619,-0.601,10.0,63.333,-0.985
2022-09-07,105,0.677,-0.093,6.667,69.524,-1.738
2022-09-08,101,0.22,0.147,6.931,70.297,-2.521
2022-09-09,85,-3.254,-3.551,4.706,72.941,-2.977
2022-09-12,103,-5.87,-4.826,7.767,75.728,-2.595
2022-09-13,104,-4.758,-3.008,6.731,76.923,-3.028
2022-09-14,110,-4.628,-2.473,7.273,76.364,-2.959
2022-09-15,102,-7.369,-6.486,0.98,87.255,-5.702
2022-09-16,28,-3.794,-3.521,0.0,82.143,-5.701
2022-09-19,27,-4.974,-1.918,0.0,70.37,-3.792
2022-09-20,39,-1.105,0.416,10.256,82.051,-2.427
2022-09-21,38,-0.522,-0.401,5.263,73.684,-3.17
2022-09-22,31,-0.84,-2.746,0.0,80.645,-4.819
2022-09-23,14,-0.844,-1.519,7.143,42.857,0.492
2022-09-26,9,3.204,10.18,22.222,44.444,2.793
2022-09-27,4,-12.142,-9.383,0.0,100.0,-7.0
2022-09-28,3,-6.602,-6.29,0.0,100.0,-7.0
2022-09-29,12,1.427,3.569,8.333,25.0,3.926
2022-09-30,9,7.744,18.286,22.222,0.0,9.502
2022-10-03,20,-0.094,2.959,5.0,40.0,-0.033
2022-10-04,18,-3.249,-1.481,0.0,61.111,-3.231
2022-10-06,21,-2.806,-1.738,0.0,61.905,-4.639
2022-10-07,13,-1.704,1.049,7.692,53.846,-0.976
2022-10-10,19,-0.947,5.753,10.526,68.421,-0.589
2022-10-11,8,-2.893,0.346,0.0,50.0,1.289
2022-10-12,6,0.013,-2.407,0.0,50.0,0.374
2022-10-13,10,-1.258,-1.274,0.0,40.0,-1.013
2022-10-14,10,3.746,5.447,10.0,10.0,6.481
2022-10-17,15,4.45,8.023,13.333,46.667,2.374
2022-10-18,21,3.405,2.262,28.571,38.095,5.548
2022-10-19,32,1.185,0.478,15.625,40.625,3.309
2022-10-20,38,2.345,3.715,23.684,34.211,5.719
2022-10-21,51,5.318,10.319,27.451,17.647,8.443
2022-10-24,24,3.976,3.616,12.5,25.0,3.548
2022-10-25,57,5.553,11.734,42.105,28.07,10.489
2022-10-27,76,3.889,7.944,25.0,28.947,6.915
2022-10-28,51,1.919,6.069,19.608,33.333,5.305
2022-10-31,86,0.943,3.821,11.628,44.186,2.507
2022-11-01,83,0.355,2.605,13.253,24.096,3.763
2022-11-02,59,-0.743,4.208,20.339,44.068,3.293
2022-11-03,62,2.838,9.453,32.258,38.71,7.521
2022-11-04,97,2.202,9.508,31.959,35.052,7.652
2022-11-07,141,-0.289,6.711,19.858,42.553,4.064
2022-11-09,128,-0.213,4.473,15.625,40.625,2.8
2022-11-10,49,-0.493,3.684,10.204,51.02,0.558
2022-11-11,94,1.065,2.362,7.447,46.809,-1.585
2022-11-14,87,0.628,3.21,12.644,58.621,-0.104
2022-11-15,78,2.458,3.341,15.385,47.436,1.258
2022-11-16,51,3.153,4.026,19.608,45.098,4.081
2022-11-17,47,3.195,4.308,10.638,55.319,0.547
2022-11-18,30,3.469,5.427,13.333,53.333,2.754
2022-11-21,34,5.124,7.879,20.588,38.235,6.675
2022-11-22,29,2.988,3.598,13.793,51.724,2.257
2022-11-23,34,5.18,2.696,14.706,50.0,2.943
2022-11-24,62,2.791,-0.663,8.065,38.71,1.103
2022-11-25,62,2.044,-4.651,9.677,45.161,0.695
2022-11-28,98,2.861,-1.392,13.265,58.163,0.215
2022-11-29,60,1.472,-2.819,3.333,66.667,-3.732
2022-11-30,104,1.023,-3.426,3.846,67.308,-3.184
2022-12-01,106,-0.887,-3.578,3.774,70.755,-3.493
2022-12-02,124,0.84,-0.235,7.258,68.548,-1.971
2022-12-05,117,-0.242,-0.989,5.128,86.325,-4.591
2022-12-06,60,0.247,0.186,3.333,86.667,-4.701
2022-12-07,56,-2.466,0.094,7.143,75.0,-2.714
2022-12-08,61,-4.938,-2.046,4.918,77.049,-3.933
2022-12-09,43,-7.169,-2.022,9.302,60.465,-1.738
2022-12-12,60,-4.972,-1.351,5.0,80.0,-4.039
2022-12-13,70,-4.986,-3.388,4.286,78.571,-4.31
2022-12-14,86,-3.802,-1.973,5.814,73.256,-3.27
2022-12-15,53,-2.797,-1.361,5.66,84.906,-4.647
2022-12-16,38,-0.908,0.5,2.632,92.105,-5.723
2022-12-19,65,-1.096,-1.818,3.077,92.308,-5.667
2022-12-20,56,-1.15,-1.271,0.0,91.071,-6.025
2022-12-21,27,-1.844,-3.96,3.704,51.852,-1.421
2022-12-22,11,-1.061,-1.592,0.0,36.364,-0.834
2022-12-23,4,-4.723,-7.814,0.0,75.0,-5.585
2022-12-26,7,19.433,12.83,14.286,57.143,-0.711
2022-12-27,13,7.913,7.711,15.385,46.154,0.265
2022-12-28,7,-0.725,-1.345,14.286,42.857,-0.159
2022-12-29,6,5.755,6.259,16.667,50.0,1.63
2022-12-30,10,-2.462,-7.889,0.0,80.0,-5.087
2023-01-02,39,-0.27,-2.619,7.692,66.667,-1.785
2023-01-03,27,-1.513,-5.249,11.111,62.963,-1.855
2023-01-04,14,-3.131,-6.397,7.143,50.0,-0.289
2023-01-05,20,-0.334,-3.901,5.0,45.0,-0.909
2023-01-06,21,-2.319,-4.732,4.762,47.619,-0.343
2023-01-09,18,0.658,-0.125,5.556,50.0,0.052
2023-01-10,13,0.648,-0.443,0.0,61.538,-2.376
2023-01-11,28,-1.486,-1.976,3.571,67.857,-2.858
2023-01-12,20,-1.341,2.882,15.0,55.0,1.654
2023-01-13,23,2.551,5.65,13.043,47.826,1.311
2023-01-16,45,-2.211,-3.437,2.222,53.333,-2.131
2023-01-17,41,-2.334,-3.946,7.317,60.976,-1.991
2023-01-18,56,-4.432,-4.143,1.786,73.214,-3.791
2023-01-19,41,-3.07,-1.317,2.439,70.732,-2.77
2023-01-20,46,-4.188,-3.726,6.522,71.739,-2.415
2023-01-23,52,-2.561,-2.334,5.769,69.231,-1.841
2023-01-24,43,-0.551,-0.887,9.302,37.209,1.731
2023-01-25,22,-0.184,1.085,18.182,54.545,0.714
2023-01-27,21,-0.352,-2.699,4.762,66.667,-2.164
2023-01-30,19,0.621,-3.021,5.263,47.368,-1.638
2023-01-31,43,-2.136,-3.549,2.326,65.116,-1.792
2023-02-01,32,-0.074,-0.724,0.0,50.0,-1.863
2023-02-02,44,0.374,-2.05,2.273,54.545,-1.866
2023-02-03,33,-1.072,-1.872,0.0,51.515,-2.333
2023-02-06,31,-1.611,-1.307,6.452,61.29,-1.271
2023-02-07,34,0.164,1.399,2.941,44.118,0.399
2023-02-08,35,2.685,4.043,8.571,42.857,1.714
2023-02-09,35,0.075,2.132,8.571,42.857,-0.265
2023-02-10,38,-2.595,-2.923,7.895,63.158,-1.685
2023-02-13,21,-2.12,-1.995,14.286,57.143,1.0
2023-02-14,24,1.182,1.337,20.833,37.5,4.225
2023-02-15,29,-2.184,-3.519,3.448,48.276,-1.651
2023-02-16,42,-1.12,-1.055,2.381,59.524,-1.757
2023-02-17,20,-1.056,-3.527,0.0,50.0,-1.163
2023-02-20,30,0.997,-2.55,10.0,63.333,0.229
2023-02-21,27,-0.281,-2.921,3.704,62.963,-3.333
2023-02-22,14,-1.04,-4.018,0.0,64.286,-1.688
2023-02-23,17,-0.836,-4.169,5.882,70.588,-2.978
2023-02-24,14,-0.351,-2.366,14.286,64.286,-0.073
2023-02-27,11,-0.067,-3.994,9.091,54.545,0.265
2023-02-28,18,-3.192,-4.345,5.556,55.556,-1.818
2023-03-01,25,-4.089,-4.009,0.0,64.0,-3.704
2023-03-02,20,1.262,-1.471,5.0,65.0,-1.852
2023-03-03,34,-3.423,-2.298,5.882,61.765,-0.96
2023-03-06,52,-4.65,-3.422,3.846,80.769,-3.546
2023-03-08,64,-5.437,-1.849,3.125,82.812,-4.27
2023-03-09,50,-3.677,-1.092,2.0,76.0,-3.221
2023-03-10,35,-4.012,1.899,5.714,68.571,-1.854
2023-03-13,24,-1.391,8.248,4.167,54.167,-1.038
2023-03-14,15,2.521,9.825,6.667,33.333,2.568
2023-03-15,9,-5.58,-0.386,0.0,66.667,-3.021
2023-03-16,20,-1.223,2.232,0.0,35.0,2.023
2023-03-17,24,-1.61,2.269,4.167,50.0,0.764
2023-03-20,30,2.54,7.737,3.333,26.667,3.184
2023-03-21,17,0.514,3.667,5.882,52.941,2.342
2023-03-22,22,2.21,5.678,9.091,27.273,3.862
2023-03-23,27,1.721,4.52,3.704,51.852,2.769
2023-03-24,32,5.542,10.9,15.625,12.5,7.3
2023-03-27,15,5.689,8.964,26.667,20.0,9.538
2023-03-28,6,11.147,30.364,33.333,16.667,8.231
2023-03-29,30,3.019,3.804,3.333,10.0,3.934
2023-03-31,52,4.007,9.251,11.538,9.615,6.536
2023-04-03,32,2.324,8.7,21.875,18.75,6.99
2023-04-05,76,2.219,5.578,14.474,19.737,5.756
2023-04-06,55,4.16,9.186,21.818,16.364,8.082
2023-04-10,68,2.475,5.985,11.765,17.647,6.23
2023-04-11,72,3.417,8.866,15.278,18.056,5.717
2023-04-12,109,2.24,4.991,12.844,23.853,4.453
2023-04-13,86,1.407,3.773,10.465,25.581,4.6
2023-04-17,92,3.763,5.751,11.957,16.304,6.124
2023-04-18,79,4.936,9.688,20.253,21.519,7.461
2023-04-19,81,3.391,5.269,16.049,34.568,4.649
2023-04-20,77,5.052,7.119,18.182,24.675,8.062
2023-04-21,46,6.572,7.569,21.739,19.565,7.969
2023-04-24,76,3.99,5.367,25.0,18.421,9.49
2023-04-25,81,4.689,7.159,25.926,12.346,10.775
2023-04-26,81,4.75,6.535,24.691,20.988,8.249
2023-04-27,102,3.607,5.17,20.588,20.588,7.675
2023-04-28,152,4.315,6.576,19.079,22.368,7.718
2023-05-02,169,2.704,3.764,13.018,27.811,6.09
2023-05-03,138,2.895,5.248,18.116,28.986,6.232
2023-05-04,173,2.006,4.824,16.763,28.324,5.995
2023-05-05,94,2.096,5.311,21.277,24.468,8.017
2023-05-08,126,1.989,5.756,15.873,23.81,7.14
2023-05-09,104,2.043,6.36,19.231,24.038,7.392
2023-05-10,92,1.869,5.81,19.565,30.435,6.049
2023-05-11,116,2.264,6.962,18.966,18.966,8.224
2023-05-12,90,2.722,7.43,20.0,24.444,6.519
2023-05-15,123,0.087,4.148,12.195,34.959,4.478
2023-05-16,102,0.827,5.219,15.686,37.255,4.562
2023-05-17,83,2.45,7.934,19.277,37.349,5.824
2023-05-18,92,1.638,5.595,22.826,31.522,6.865
2023-05-19,71,3.198,4.169,12.676,30.986,4.911
2023-05-22,83,2.982,5.853,16.867,27.711,6.175
2023-05-23,80,2.919,6.518,11.25,26.25,5.723
2023-05-24,59,8.323,13.022,28.814,13.559,10.996
2023-05-25,75,5.518,9.639,18.667,21.333,8.632
2023-05-26,96,1.455,2.431,10.417,29.167,4.12
2023-05-29,101,4.321,6.964,23.762,14.851,9.264
2023-05-30,91,7.13,8.398,26.374,14.286,10.081
2023-05-31,129,4.747,7.504,16.279,11.628,8.637
2023-06-01,94,3.882,6.575,23.404,20.213,8.805
2023-06-02,121,5.363,7.485,16.529,16.529,7.955
2023-06-05,147,5.219,7.7,23.81,21.088,8.205
2023-06-06,129,3.82,5.902,18.605,16.279,7.13
2023-06-07,164,3.105,6.357,17.073,20.732,6.463
2023-06-08,89,4.23,6.699,17.978,19.101,7.483
2023-06-09,78,0.965,2.825,11.538,30.769,4.116
2023-06-12,96,2.506,6.474,18.75,19.792,7.74
2023-06-13,121,3.212,7.056,21.488,23.14,6.551
2023-06-14,153,1.68,3.358,16.993,24.837,5.881
2023-06-15,123,2.159,4.15,16.26,25.203,5.19
2023-06-16,131,1.638,5.217,18.321,24.427,6.432
2023-06-19,121,1.869,4.907,18.182,33.884,5.744
2023-06-20,127,1.794,3.835,12.598,44.094,2.737
2023-06-21,113,2.021,2.97,11.504,38.053,2.909
2023-06-22,70,0.36,4.637,17.143,32.857,4.767
2023-06-23,38,3.427,6.578,26.316,34.211,5.97
2023-06-26,53,2.346,5.625,22.642,32.075,7.558
2023-06-27,66,2.544,4.23,19.697,25.758,5.68
2023-06-28,80,1.465,4.958,13.75,17.5,6.383
2023-06-30,115,2.342,4.002,16.522,21.739,5.758
2023-07-03,115,3.992,7.097,20.0,22.609,5.934
2023-07-04,105,3.157,6.817,24.762,20.952,6.715
2023-07-05,120,2.346,4.451,20.0,25.0,6.073
2023-07-06,148,2.316,4.962,19.595,34.459,4.75
2023-07-07,85,3.616,6.441,24.706,37.647,5.356
2023-07-10,79,4.299,8.633,26.582,37.975,6.476
2023-07-11,89,5.145,9.148,25.843,33.708,7.392
2023-07-12,99,2.874,7.216,18.182,34.343,6.266
2023-07-13,71,6.207,10.477,33.803,19.718,9.058
2023-07-14,118,1.427,2.924,19.492,32.203,4.164
2023-07-17,136,2.992,4.435,26.471,28.676,7.13
2023-07-18,74,2.908,3.674,22.973,28.378,6.9
2023-07-19,107,1.798,3.86,18.692,31.776,5.577
2023-07-20,116,1.836,4.115,17.241,32.759,4.204
2023-07-21,96,3.687,5.359,26.042,32.292,7.509
2023-07-24,108,3.509,6.241,35.185,35.185,8.541
2023-07-25,105,3.095,5.781,23.81,37.143,7.116
2023-07-26,89,4.166,5.317,24.719,26.966,7.974
2023-07-27,104,4.523,4.772,24.038,27.885,7.61
2023-07-28,93,1.467,3.605,21.505,30.108,6.125
2023-07-31,174,0.065,4.678,19.54,35.632,4.709
2023-08-01,147,-0.03,5.361,19.728,40.816,3.952
2023-08-02,70,2.308,6.466,27.143,45.714,5.589
2023-08-03,86,2.332,7.429,18.605,34.884,4.303
2023-08-04,91,2.89,9.711,24.176,38.462,5.388
2023-08-07,108,3.249,9.385,25.0,35.185,6.047
2023-08-08,87,3.865,10.197,24.138,31.034,5.728
2023-08-09,101,2.598,7.094,15.842,39.604,2.42
2023-08-10,81,3.742,11.786,27.16,27.16,6.616
2023-08-11,70,3.758,10.323,30.0,28.571,7.075
2023-08-14,67,7.268,7.604,41.791,22.388,10.657
2023-08-16,66,4.689,8.412,30.303,27.273,7.807
2023-08-17,59,5.246,8.328,23.729,23.729,7.121
2023-08-18,53,5.946,8.013,30.189,30.189,8.278
2023-08-21,73,3.628,2.243,15.068,42.466,3.104
2023-08-22,81,4.55,2.589,14.815,35.802,3.367
2023-08-23,85,4.303,2.446,18.824,32.941,4.953
2023-08-24,68,5.941,4.339,20.588,29.412,4.147
2023-08-25,51,6.318,4.337,21.569,33.333,5.536
2023-08-28,59,7.24,4.114,20.339,35.593,5.083
2023-08-29,105,0.682,2.871,18.095,36.19,3.557
2023-08-30,115,1.448,0.308,13.043,42.609,1.933
2023-08-31,123,1.708,1.308,15.447,42.276,2.046
2023-09-01,143,1.899,1.453,13.986,48.252,1.417
2023-09-04,203,1.015,-0.027,10.345,48.276,0.694
2023-09-05,171,-0.75,-0.526,11.111,50.292,0.745
2023-09-06,132,-1.779,-0.218,9.091,57.576,-1.065
2023-09-07,132,-2.5,-1.262,5.303,61.364,-2.744
2023-09-08,158,-2.491,-0.764,7.595,62.658,-2.774
2023-09-11,175,-0.757,0.068,8.571,71.429,-3.117
2023-09-12,46,-1.707,-1.265,10.87,56.522,-1.767
2023-09-13,47,-1.052,0.615,8.511,51.064,-1.605
2023-09-14,72,0.504,0.608,2.778,63.889,-3.329
2023-09-15,96,-0.449,0.907,9.375,59.375,-1.473
2023-09-18,65,1.25,3.377,12.308,55.385,0.381
2023-09-20,50,1.796,6.253,14.0,62.0,0.792
2023-09-21,21,1.31,5.726,14.286,61.905,0.174
2023-09-22,22,0.282,1.506,27.273,50.0,3.372
2023-09-25,33,1.507,5.607,24.242,51.515,3.067
2023-09-26,21,2.954,3.838,14.286,57.143,1.099
2023-09-27,29,4.834,6.19,20.69,55.172,2.666
2023-09-28,38,3.782,0.808,15.789,60.526,1.131
2023-09-29,32,6.344,3.737,21.875,62.5,2.547
2023-10-03,41,6.301,2.886,21.951,53.659,3.744
2023-10-04,25,7.17,2.033,40.0,36.0,8.788
2023-10-05,55,9.14,7.01,32.727,50.909,5.772
2023-10-06,79,3.031,2.029,18.987,59.494,1.917
2023-10-09,42,1.806,3.58,21.429,61.905,1.921
2023-10-10,58,-1.382,5.177,25.862,55.172,3.982
2023-10-11,76,-3.751,1.75,13.158,71.053,-0.797
2023-10-12,96,-2.915,2.293,9.375,77.083,-1.913
2023-10-13,90,-1.161,3.944,11.111,65.556,-0.325
2023-10-16,129,-2.495,2.095,10.078,74.419,-1.709
2023-10-17,131,-5.448,-0.245,6.107,82.443,-3.506
2023-10-18,99,-2.591,1.503,7.071,81.818,-3.025
2023-10-19,98,-1.799,1.476,2.041,79.592,-3.758
2023-10-20,63,-0.793,3.916,4.762,68.254,-2.246
2023-10-23,21,8.002,11.364,19.048,28.571,6.538
2023-10-25,12,5.66,2.892,16.667,33.333,4.716
2023-10-26,12,2.96,5.527,25.0,33.333,7.104
2023-10-27,14,6.116,7.249,21.429,14.286,9.611
2023-10-30,18,4.232,10.429,38.889,22.222,10.834
2023-10-31,19,4.389,9.745,26.316,15.789,9.399
2023-11-01,26,9.032,11.081,50.0,11.538,15.858
2023-11-02,27,10.975,15.702,62.963,11.111,17.846
2023-11-03,40,7.726,12.636,42.5,15.0,13.465
2023-11-06,45,2.927,5.89,17.778,31.111,6.372
2023-11-07,53,4.463,8.383,26.415,28.302,8.271
2023-11-08,66,3.747,8.691,24.242,21.212,7.923
2023-11-09,59,4.327,6.655,18.644,15.254,7.515
2023-11-10,45,5.349,10.061,28.889,22.222,9.95
2023-11-12,27,6.309,8.371,33.333,22.222,9.72
2023-11-13,60,4.093,10.243,33.333,21.667,10.21
2023-11-15,118,3.829,8.393,20.339,22.881,8.052
2023-11-16,155,3.223,8.206,18.065,23.226,7.477
2023-11-17,132,4.618,8.214,18.939,18.939,6.998
2023-11-20,133,2.989,6.591,18.797,33.083,5.692
2023-11-21,128,2.705,1.955,25.0,35.156,6.373
2023-11-22,113,3.649,5.049,18.584,27.434,6.826
2023-11-23,109,2.415,4.654,19.266,37.615,5.711
2023-11-24,99,5.464,8.307,21.212,24.242,7.927
2023-11-28,131,5.653,8.851,29.008,20.611,8.981
2023-11-29,137,4.729,8.622,24.818,16.058,9.689
2023-11-30,184,4.453,6.576,14.13,20.652,7.583
2023-12-01,161,4.995,8.114,14.907,16.77,8.786
2023-12-04,259,4.764,7.614,19.305,17.375,8.137
2023-12-05,181,3.704,6.062,14.365,28.177,4.279
2023-12-06,186,-0.425,7.715,12.366,27.419,4.629
2023-12-07,155,2.312,9.958,24.516,32.258,6.662
2023-12-08,108,5.335,10.932,31.481,22.222,9.289
2023-12-11,126,2.171,7.822,17.46,38.095,3.54
2023-12-12,93,2.296,9.531,20.43,44.086,3.142
2023-12-13,108,2.83,11.443,19.444,46.296,3.246
2023-12-14,146,2.01,6.916,9.589,42.466,1.988
2023-12-15,156,2.53,6.106,10.897,42.949,1.169
2023-12-18,147,2.905,5.035,14.286,48.98,1.999
2023-12-19,130,4.394,5.31,14.615,50.769,1.801
2023-12-20,31,3.423,5.916,22.581,19.355,7.553
2023-12-21,40,3.903,3.109,22.5,45.0,3.974
2023-12-22,66,4.159,4.876,24.242,37.879,6.139
2023-12-26,94,5.345,3.471,23.404,39.362,5.313
2023-12-27,82,7.12,5.568,26.829,31.707,6.034
2023-12-28,87,4.206,3.916,21.839,25.287,7.095
2023-12-29,78,4.869,3.182,25.641,37.179,5.046
2024-01-01,83,3.922,3.804,19.277,46.988,2.711
2024-01-02,98,2.047,5.015,19.388,46.939,4.104
2024-01-03,86,2.775,7.581,29.07,33.721,8.143
2024-01-04,103,2.096,7.998,29.126,43.689,6.08
2024-01-05,97,2.848,6.237,21.649,48.454,3.978
2024-01-08,74,3.696,5.894,22.973,52.703,3.932
2024-01-09,74,0.132,9.106,24.324,54.054,3.641
2024-01-10,81,2.133,7.043,22.222,53.086,4.091
2024-01-11,125,0.128,3.585,14.4,61.6,0.833
2024-01-12,121,2.52,1.615,13.223,56.198,1.052
2024-01-15,138,2.539,-0.704,17.391,51.449,2.159
2024-01-16,77,3.361,-0.742,22.078,59.74,2.157
2024-01-17,40,1.63,2.857,25.0,45.0,4.307
2024-01-18,41,3.993,4.838,19.512,43.902,3.626
2024-01-19,71,1.784,2.068,19.718,54.93,2.413
2024-01-20,52,4.854,2.877,9.615,61.538,0.25
2024-01-23,36,11.621,13.845,38.889,16.667,10.755
2024-01-24,37,8.23,10.846,37.838,27.027,10.314
2024-01-25,50,2.892,5.309,20.0,38.0,4.544
2024-01-29,87,0.604,5.809,17.241,43.678,3.946
2024-01-30,65,-0.385,5.346,21.538,46.154,3.262
2024-01-31,95,-1.075,-0.432,5.263,74.737,-3.129
2024-02-01,71,-0.178,0.115,9.859,67.606,-1.331
2024-02-02,88,1.371,0.253,4.545,65.909,-2.831
2024-02-05,92,2.215,2.688,8.696,58.696,-1.182
2024-02-06,75,1.283,1.249,8.0,65.333,-2.836
2024-02-07,85,-0.988,-1.186,2.353,75.294,-4.546
2024-02-08,65,0.033,-0.572,7.692,72.308,-2.644
2024-02-09,43,5.292,3.22,20.93,51.163,2.808
2024-02-12,24,5.617,-0.729,20.833,45.833,3.418
2024-02-13,13,3.68,1.295,15.385,30.769,4.851
2024-02-14,13,1.201,-6.709,30.769,38.462,7.501
2024-02-15,20,1.923,-5.012,0.0,60.0,-1.003
2024-02-16,48,1.684,-4.122,10.417,45.833,1.7
2024-02-19,44,0.635,-6.212,6.818,65.909,-1.773
2024-02-20,40,-1.23,-9.134,7.5,67.5,-2.073
2024-02-21,28,-2.673,-10.267,10.714,78.571,-2.03
2024-02-22,36,-0.484,-4.0,8.333,58.333,-0.351
2024-02-23,35,0.454,-4.631,11.429,80.0,-1.572
2024-02-26,39,-1.917,-7.488,5.128,82.051,-3.477
2024-02-27,34,-3.292,-6.428,2.941,67.647,-3.15
2024-02-28,21,-4.544,-6.239,9.524,71.429,-2.239
2024-02-29,18,-0.622,-0.672,5.556,55.556,0.159
2024-03-01,34,-5.309,-0.932,0.0,55.882,-3.881
2024-03-02,3,-0.898,-0.103,0.0,66.667,-4.861
2024-03-04,51,-6.686,-1.353,3.922,62.745,-1.742
2024-03-05,62,-4.131,1.644,4.839,51.613,1.134
2024-03-06,47,-2.123,2.341,2.128,29.787,0.563
2024-03-07,56,-3.209,3.553,3.571,53.571,0.223
2024-03-11,46,-1.109,4.819,8.696,39.13,3.331
2024-03-12,16,-0.386,7.161,25.0,25.0,9.282
2024-03-13,8,-0.844,1.576,12.5,12.5,5.372
2024-03-14,17,2.258,6.896,17.647,11.765,8.136
2024-03-15,14,-0.145,1.867,0.0,28.571,0.173
2024-03-18,7,3.7,0.424,14.286,28.571,4.597
2024-03-19,3,2.743,8.242,33.333,0.0,8.692
2024-03-20,6,0.093,3.625,0.0,50.0,-2.217
2024-03-21,25,7.585,8.569,12.0,8.0,9.246
2024-03-22,15,2.733,5.808,13.333,20.0,3.88
2024-03-26,14,5.277,8.1,0.0,28.571,2.044
2024-03-27,20,2.89,2.828,10.0,20.0,3.852
2024-03-28,22,0.892,2.434,4.545,27.273,1.843
2024-04-01,45,4.132,6.225,11.111,15.556,6.463
2024-04-02,60,2.32,6.65,16.667,20.0,8.174
2024-04-03,62,1.79,3.176,9.677,24.194,6.147
2024-04-04,78,1.925,1.486,7.692,34.615,3.131
2024-04-05,81,0.86,1.296,7.407,39.506,0.82
2024-04-08,96,1.329,-0.538,11.458,45.833,1.767
2024-04-09,66,2.872,0.961,19.697,46.97,2.954
2024-04-10,99,1.828,-0.586,8.081,46.465,0.306
2024-04-12,71,2.33,1.53,9.859,46.479,0.708
2024-04-15,29,8.378,7.697,24.138,31.034,6.058
2024-04-16,53,6.781,7.439,26.415,28.302,6.829
2024-04-18,62,3.982,6.116,25.806,33.871,6.276
2024-04-19,40,2.974,5.312,12.5,42.5,1.532
2024-04-22,56,0.848,2.301,12.5,67.857,-0.597
2024-04-23,72,-0.12,3.397,15.278,73.611,-0.645
2024-04-24,85,-3.296,2.775,12.941,72.941,-0.75
2024-04-25,81,-1.753,2.833,13.58,74.074,-0.694
2024-04-26,82,-2.747,3.795,12.195,74.39,-0.53
2024-04-29,98,-3.329,-1.801,9.184,79.592,-2.894
2024-04-30,92,-1.819,-0.569,9.783,68.478,-0.423
2024-05-02,108,-2.04,-3.332,8.333,76.852,-1.708
2024-05-03,79,0.135,-1.688,11.392,69.62,-0.233
2024-05-06,59,1.611,0.43,13.559,77.966,-1.557
2024-05-07,26,0.157,-1.51,15.385,42.308,4.015
2024-05-08,25,1.489,2.017,20.0,56.0,3.802
2024-05-09,18,5.413,7.437,33.333,22.222,9.084
2024-05-10,29,7.452,8.878,27.586,37.931,7.505
2024-05-13,30,1.356,4.884,10.0,63.333,0.048
2024-05-14,26,0.634,3.844,15.385,50.0,1.944
2024-05-15,40,2.587,7.764,22.5,50.0,4.612
2024-05-16,78,-0.819,5.68,11.538,67.949,-0.191
2024-05-17,79,-1.082,5.755,16.456,59.494,2.137
2024-05-18,13,-1.69,8.176,23.077,69.231,0.973
2024-05-21,131,-6.565,4.647,8.397,74.809,-2.425
2024-05-22,93,-3.624,5.904,8.602,73.118,-1.677
2024-05-23,91,-1.022,5.502,9.89,58.242,0.885
2024-05-24,83,-0.382,6.462,8.434,72.289,-1.822
2024-05-27,80,1.525,8.499,6.25,72.5,-2.21
2024-05-28,43,2.416,4.742,9.302,72.093,-0.912
2024-05-29,37,3.313,7.749,5.405,86.486,-4.502
2024-05-30,18,9.31,10.989,27.778,44.444,4.473
2024-05-31,46,5.927,7.78,6.522,80.435,-3.194
2024-06-03,153,1.592,2.819,0.0,88.889,-5.604
2024-06-04,29,5.194,8.1,17.241,27.586,6.404
2024-06-05,46,2.393,4.76,8.696,6.522,5.451
2024-06-06,43,5.658,10.25,20.93,9.302,10.086
2024-06-07,101,3.997,6.719,16.832,9.901,8.653
2024-06-10,92,3.65,7.992,16.304,19.565,6.246
2024-06-11,72,6.463,9.049,20.833,15.278,8.072
2024-06-12,67,3.398,7.184,16.418,22.388,6.986
2024-06-13,88,1.498,6.117,20.455,34.091,6.05
2024-06-14,78,3.166,3.986,14.103,32.051,4.867
2024-06-18,86,4.013,5.282,15.116,30.233,4.904
2024-06-19,58,2.989,2.828,15.517,29.31,5.112
2024-06-20,76,1.951,-0.151,13.158,50.0,2.497
2024-06-21,70,5.205,4.201,18.571,32.857,4.427
2024-06-24,48,5.405,3.23,29.167,43.75,4.844
2024-06-25,45,3.445,2.671,15.556,37.778,2.071
2024-06-26,63,3.35,4.643,23.81,46.032,3.465
2024-06-27,88,4.6,6.601,19.318,35.227,4.258
2024-06-28,59,1.506,3.643,8.475,40.678,1.711
2024-07-01,125,2.444,6.647,13.6,46.4,1.535
2024-07-02,100,2.501,5.805,13.0,54.0,1.156
2024-07-03,101,0.165,2.282,9.901,54.455,0.339
2024-07-04,104,-2.283,1.403,7.692,58.654,-0.689
2024-07-05,111,-2.054,-2.432,11.712,61.261,-0.056
2024-07-08,96,-2.36,-2.591,8.333,65.625,-1.411
2024-07-09,83,-0.962,0.292,9.639,63.855,-0.27
2024-07-10,71,1.194,2.227,14.085,53.521,2.469
2024-07-11,64,3.09,2.327,18.75,57.812,1.94
2024-07-12,86,3.463,0.659,12.791,47.674,1.908
2024-07-15,72,2.371,-1.711,6.944,69.444,-1.53
2024-07-16,67,1.827,-2.273,7.463,67.164,-2.022
2024-07-18,79,1.333,-0.903,6.329,54.43,-0.371
2024-07-19,23,2.697,3.128,13.043,56.522,0.127
2024-07-22,23,3.819,4.814,13.043,39.13,2.903
2024-07-23,42,0.441,4.964,16.667,30.952,3.665
2024-07-24,56,1.295,4.556,16.071,50.0,3.064
2024-07-25,66,1.251,4.502,16.667,50.0,3.472
2024-07-26,86,-0.406,2.392,11.628,46.512,2.074
2024-07-29,94,-0.855,2.719,11.702,50.0,1.475
2024-07-30,99,-1.673,4.483,13.131,60.606,0.341
2024-07-31,93,-3.545,2.581,7.527,74.194,-1.878
2024-08-01,67,-2.405,3.308,16.418,58.209,1.495
2024-08-02,55,-0.159,2.519,7.273,60.0,-0.166
2024-08-05,21,5.254,9.488,33.333,19.048,7.85
2024-08-06,20,8.913,10.143,25.0,25.0,6.042
2024-08-07,23,2.754,3.995,4.348,26.087,3.22
2024-08-08,19,3.908,6.354,15.789,31.579,3.62
2024-08-09,19,-1.302,0.071,0.0,42.105,0.305
2024-08-12,28,8.363,12.636,35.714,25.0,9.317
2024-08-13,16,3.047,6.331,25.0,18.75,9.412
2024-08-14,11,4.005,7.039,36.364,18.182,9.757
2024-08-16,20,3.499,7.586,25.0,35.0,5.891
2024-08-19,29,5.327,9.085,20.69,24.138,7.516
2024-08-20,43,1.526,4.066,9.302,20.93,4.346
2024-08-21,53,1.212,1.695,7.547,37.736,1.533
2024-08-22,52,0.805,0.029,5.769,40.385,-0.308
2024-08-23,48,-0.35,2.071,14.583,50.0,0.084
2024-08-26,64,-0.976,1.895,14.062,54.688,0.956
2024-08-27,61,0.174,1.547,9.836,57.377,-0.385
2024-08-28,58,0.645,1.967,12.069,44.828,1.055
2024-08-29,60,2.285,1.987,5.0,38.333,0.94
2024-08-30,102,1.319,2.861,7.843,42.157,0.627
2024-09-02,64,1.48,1.368,6.25,43.75,-0.167
2024-09-03,65,1.175,1.176,9.231,53.846,-1.101
2024-09-04,55,2.006,0.58,5.455,58.182,-1.64
2024-09-05,87,-0.125,-1.968,6.897,64.368,-1.643
2024-09-06,67,0.533,-5.073,10.448,55.224,-1.335
2024-09-09,44,2.259,-3.936,9.091,68.182,-1.908
2024-09-10,79,0.094,-2.13,7.595,65.823,-2.333
2024-09-11,63,2.875,0.114,7.937,58.73,-2.212
2024-09-12,85,1.102,-2.557,4.706,62.353,-3.547
2024-09-13,98,0.707,-0.893,6.122,69.388,-2.329
2024-09-16,95,-0.849,-1.783,3.158,68.421,-3.001
2024-09-17,80,0.321,-1.34,5.0,78.75,-4.33
2024-09-18,63,-2.803,-2.117,11.111,71.429,-1.984
2024-09-19,63,-1.504,-2.694,6.349,57.143,-1.558
2024-09-20,119,-4.871,-4.031,1.681,80.672,-5.071
2024-09-23,111,-3.665,-5.784,3.604,84.685,-4.597
2024-09-24,93,-1.383,-3.248,8.602,77.419,-2.686
2024-09-25,78,-0.55,-2.457,8.974,64.103,-2.05
2024-09-26,75,-0.692,-6.309,5.333,73.333,-2.877
2024-09-27,99,-1.92,-8.786,4.04,86.869,-4.898
2024-09-30,71,-1.236,-8.804,5.634,84.507,-4.197
2024-10-01,66,0.583,-4.726,7.576,83.333,-3.715
2024-10-03,31,-1.306,-4.252,6.452,80.645,-4.192
2024-10-04,37,2.983,1.003,13.514,51.351,-0.453
2024-10-07,16,3.501,4.012,18.75,43.75,2.274
2024-10-08,18,-1.663,2.564,11.111,72.222,-2.108
2024-10-09,19,-3.271,1.314,10.526,73.684,-2.38
2024-10-10,18,-3.1,-1.087,11.111,83.333,-2.79
2024-10-11,26,-6.053,-2.703,7.692,73.077,-2.643
2024-10-14,20,-4.556,-1.224,5.0,65.0,-1.791
2024-10-15,30,-2.984,-1.494,20.0,73.333,-0.161
2024-10-16,45,-4.708,-7.697,0.0,86.667,-5.291
2024-10-17,17,-5.25,-6.269,0.0,88.235,-6.063
2024-10-18,19,-2.033,-4.306,5.263,78.947,-3.869
2024-10-21,33,1.619,-1.521,3.03,72.727,-2.919
2024-10-22,9,1.407,-3.245,0.0,66.667,-2.236
2024-10-23,21,1.41,1.519,19.048,52.381,2.058
2024-10-24,10,3.561,6.318,10.0,20.0,6.192
2024-10-25,6,2.955,-2.56,16.667,50.0,2.178
2024-10-28,15,4.434,4.701,20.0,33.333,5.264
2024-10-29,15,-2.127,0.584,0.0,40.0,-0.919
2024-10-30,16,-3.861,2.146,12.5,68.75,0.588
2024-10-31,19,-2.067,4.73,15.789,47.368,2.66
2024-11-01,9,-6.974,2.132,22.222,77.778,0.111
2024-11-04,18,-1.305,5.925,22.222,61.111,1.245
2024-11-05,24,-2.725,6.618,12.5,58.333,0.372
2024-11-06,39,-2.743,4.827,15.385,56.41,0.775
2024-11-07,34,-2.287,4.807,20.588,55.882,1.947
2024-11-08,14,-0.807,3.431,7.143,71.429,-0.732
2024-11-11,31,-0.203,9.468,12.903,48.387,2.918
2024-11-12,18,-0.321,4.994,0.0,44.444,-0.307
2024-11-13,4,2.256,4.947,25.0,25.0,4.948
2024-11-14,8,7.529,13.523,37.5,12.5,10.842
2024-11-18,12,10.571,13.208,33.333,16.667,10.553
2024-11-19,9,12.098,10.337,11.111,44.444,2.382
2024-11-21,15,4.034,7.595,6.667,20.0,5.854
2024-11-22,29,4.645,2.895,6.897,20.69,2.478
2024-11-25,56,3.138,0.819,8.929,37.5,0.327
2024-11-26,19,5.995,4.852,21.053,42.105,1.871
2024-11-27,32,6.357,2.384,15.625,46.875,0.905
2024-11-28,40,3.049,-0.66,5.0,57.5,-2.421
2024-11-29,42,3.105,2.44,14.286,52.381,0.536
2024-12-02,80,3.411,-0.363,10.0,62.5,-1.228
2024-12-03,86,2.623,-0.18,9.302,72.093,-2.203
2024-12-04,125,-1.125,-3.101,6.4,83.2,-3.9
2024-12-05,100,0.567,-1.342,8.0,68.0,-3.3
2024-12-06,120,-1.624,-4.723,5.833,80.0,-3.503
2024-12-09,136,-3.734,-3.411,5.147,83.088,-4.363
2024-12-10,161,-5.36,-6.135,4.348,89.441,-5.058
2024-12-11,144,-6.488,-8.361,1.389,92.361,-6.06
2024-12-12,59,-4.913,-6.061,5.085,84.746,-4.166
2024-12-13,68,-4.785,-9.574,2.941,83.824,-5.343
2024-12-16,90,-3.297,-9.094,5.556,91.111,-4.805
2024-12-17,69,-3.24,-9.125,5.797,88.406,-4.686
2024-12-18,49,0.175,-6.899,10.204,81.633,-2.068
2024-12-19,45,0.014,-6.004,8.889,84.444,-3.593
2024-12-20,27,-2.983,-4.869,11.111,77.778,-2.612
2024-12-23,15,6.22,-0.841,13.333,73.333,-1.778
2024-12-24,16,0.956,-5.897,6.25,75.0,-3.362
2024-12-26,19,-1.045,-5.49,5.263,68.421,-3.343
2024-12-27,15,-2.533,-8.965,6.667,93.333,-4.867
2024-12-30,33,-6.163,-9.912,6.061,87.879,-4.419
2024-12-31,23,-1.683,-6.037,13.043,69.565,-1.269
2025-01-01,19,-7.427,-12.287,5.263,73.684,-3.162
2025-01-02,41,-5.633,-9.433,2.439,78.049,-3.894
2025-01-03,47,-3.682,-7.373,2.128,74.468,-4.581
2025-01-06,25,-4.096,-6.792,0.0,64.0,-4.082
2025-01-07,22,-1.306,-6.947,9.091,68.182,-2.25
2025-01-08,17,-2.132,-4.199,11.765,70.588,-1.915
2025-01-09,13,-1.795,-1.704,7.692,69.231,-2.646
2025-01-10,18,-2.73,-2.166,0.0,44.444,0.224
2025-01-13,16,-1.038,1.047,0.0,37.5,1.945
2025-01-14,7,-9.843,-12.929,0.0,85.714,-6.005
2025-01-15,11,-3.602,-2.895,0.0,45.455,-0.605
2025-01-16,18,-2.417,-2.297,0.0,50.0,-1.208
2025-01-17,15,-0.883,-2.699,0.0,60.0,-2.251
2025-01-20,23,-0.944,-3.982,0.0,69.565,-3.544
2025-01-21,21,-1.474,-3.309,4.762,52.381,-1.042
2025-01-22,16,-0.383,-2.723,0.0,43.75,0.07
2025-01-23,16,-2.253,-6.744,0.0,75.0,-4.619
2025-01-24,10,0.525,-1.812,0.0,50.0,0.005
2025-01-27,9,-1.385,-2.703,22.222,55.556,1.808
2025-01-28,7,0.634,-0.177,0.0,28.571,-0.28
2025-01-29,6,0.494,-1.279,0.0,50.0,-1.402
2025-01-30,8,0.149,1.145,0.0,25.0,2.875
2025-01-31,24,-1.932,-6.033,0.0,45.833,-0.521
2025-02-01,32,-5.177,-8.114,0.0,75.0,-3.748
2025-02-03,35,-3.671,-4.506,0.0,45.714,-0.933
2025-02-04,25,-2.432,-4.303,4.0,56.0,-1.326
2025-02-05,36,-3.6,-4.485,0.0,50.0,-2.504
2025-02-06,30,-6.845,-6.184,0.0,70.0,-3.618
2025-02-07,26,-4.083,-3.382,0.0,65.385,-3.78
2025-02-10,16,-2.997,-2.835,0.0,31.25,-0.988
2025-02-11,6,-1.513,-1.63,0.0,50.0,-2.367
2025-02-12,5,0.93,-4.19,0.0,60.0,-3.682
2025-02-13,9,-0.16,1.269,11.111,33.333,2.062
2025-02-14,18,0.261,3.054,5.556,11.111,2.119
2025-02-17,4,-1.741,-1.832,0.0,25.0,-0.926
2025-02-18,5,0.8,0.875,0.0,40.0,-2.351
2025-02-19,6,-6.235,-6.06,0.0,66.667,-4.537
2025-02-20,10,-0.996,0.345,0.0,40.0,-1.512
2025-02-21,7,-0.287,-1.574,0.0,42.857,-2.571
2025-02-24,6,3.835,1.275,0.0,50.0,-2.039
2025-02-25,6,-2.575,1.93,0.0,50.0,1.802
2025-02-27,9,-1.658,-0.292,0.0,33.333,1.169
2025-02-28,10,-0.072,1.159,0.0,30.0,-0.169
2025-03-03,7,-2.779,-3.219,0.0,42.857,-2.669
2025-03-04,2,4.766,-4.016,0.0,100.0,-7.0
2025-03-05,4,5.142,-0.953,0.0,75.0,-0.672
2025-03-06,14,2.172,-5.356,0.0,50.0,-0.202
2025-03-07,10,-0.676,-5.06,0.0,80.0,-4.552
2025-03-10,9,5.619,5.545,22.222,22.222,8.173
2025-03-11,11,0.805,1.613,0.0,54.545,-2.113
2025-03-12,7,-0.097,-0.477,0.0,42.857,-2.64
2025-03-13,9,1.726,4.541,11.111,55.556,-0.094
2025-03-17,18,0.635,0.083,0.0,61.111,-2.566
2025-03-18,19,3.027,5.853,5.263,52.632,1.185
2025-03-19,57,2.708,5.481,3.509,54.386,-0.652
2025-03-20,65,-0.493,5.374,1.538,52.308,-0.651
2025-03-21,104,-5.014,5.05,0.962,72.115,-3.739
2025-03-24,97,-4.347,0.585,0.0,79.381,-4.552
2025-03-25,54,-5.084,-0.683,0.0,75.926,-4.265
2025-03-26,16,-2.643,0.59,0.0,68.75,-2.892
2025-03-27,42,0.54,2.09,2.381,64.286,-1.819
2025-03-28,32,1.298,1.367,3.125,65.625,-1.773
2025-04-01,18,2.042,2.807,0.0,61.111,-2.821
2025-04-02,31,4.111,2.872,3.226,61.29,-2.121
2025-04-03,42,3.087,-1.159,0.0,80.952,-5.4
2025-04-04,23,5.416,2.085,4.348,39.13,-0.475
2025-04-07,12,5.728,6.124,25.0,8.333,7.758
2025-04-08,8,1.576,3.395,0.0,12.5,3.253
2025-04-09,17,1.197,1.139,0.0,0.0,1.957
2025-04-11,25,3.051,5.183,12.0,4.0,5.457
2025-04-15,38,2.11,4.876,7.895,15.789,3.757
2025-04-16,35,1.174,3.645,5.714,22.857,3.245
2025-04-17,57,0.543,5.313,5.263,28.07,3.094
2025-04-21,99,-1.894,1.995,2.02,31.313,0.395
2025-04-22,75,-2.929,2.307,6.667,60.0,-1.85
2025-04-23,63,-3.465,2.894,6.349,46.032,-0.221
2025-04-24,43,-5.345,2.618,2.326,58.14,-1.032
2025-04-25,21,-3.162,1.384,9.524,61.905,0.324
2025-04-28,18,-1.355,1.179,11.111,55.556,0.548
2025-04-29,23,1.346,4.838,13.043,26.087,4.468
2025-04-30,20,4.888,4.292,15.0,25.0,4.169
2025-05-02,32,4.513,3.256,9.375,31.25,2.755
2025-05-05,42,5.402,8.27,14.286,28.571,3.368
2025-05-06,21,7.635,16.53,19.048,23.81,5.407
2025-05-07,26,8.475,16.138,23.077,23.077,6.07
2025-05-08,21,8.952,14.259,33.333,28.571,7.385
2025-05-09,12,12.728,13.643,16.667,0.0,8.876
2025-05-12,89,2.755,4.108,5.618,7.865,2.798
2025-05-13,54,5.853,7.603,14.815,24.074,4.953
2025-05-14,82,5.081,7.968,14.634,12.195,7.586
2025-05-15,130,1.59,2.896,6.923,26.154,3.103
2025-05-16,116,1.098,3.426,12.069,24.138,4.34
2025-05-19,179,1.999,2.835,10.615,36.872,3.147
2025-05-20,73,1.289,1.702,9.589,38.356,3.495
2025-05-21,57,2.348,2.969,14.035,29.825,4.42
2025-05-22,55,3.221,1.057,10.909,32.727,3.164
2025-05-23,69,2.158,0.581,5.797,39.13,2.991
2025-05-26,92,2.059,0.093,9.783,44.565,2.335
2025-05-27,63,2.986,1.222,7.937,30.159,2.813
2025-05-28,86,2.766,1.022,4.651,43.023,1.102
2025-05-29,83,0.32,0.751,1.205,43.373,-0.117
2025-05-30,120,0.81,2.027,7.5,41.667,0.244
2025-06-02,115,1.246,2.928,7.826,37.391,1.862
2025-06-03,79,0.542,3.344,5.063,35.443,1.891
2025-06-04,72,-0.036,1.509,8.333,37.5,2.165
2025-06-05,99,-2.879,1.064,7.071,42.424,1.139
2025-06-06,150,-1.252,1.41,6.667,32.0,0.936
2025-06-09,196,-2.685,0.83,4.592,45.918,-0.559
2025-06-10,148,-2.228,0.888,4.73,55.405,-1.702
2025-06-11,183,-1.582,0.427,2.732,68.306,-2.966
2025-06-12,68,0.723,3.563,10.294,42.647,2.297
2025-06-13,52,-0.564,2.699,9.615,32.692,1.152
2025-06-16,59,-0.728,-0.964,5.085,66.102,-2.44
2025-06-17,35,0.246,1.372,8.571,48.571,0.324
2025-06-18,36,1.68,4.202,13.889,30.556,2.736
2025-06-19,14,6.696,8.874,21.429,28.571,4.798
2025-06-20,31,4.408,3.841,12.903,32.258,1.488
2025-06-23,29,2.416,3.464,10.345,44.828,0.565
2025-06-24,29,4.415,5.516,10.345,37.931,2.395
2025-06-25,80,1.349,1.369,7.5,41.25,-0.893
2025-06-26,104,2.117,1.791,7.692,35.577,-0.838
2025-06-27,117,-0.683,-1.357,4.274,58.12,-3.285
2025-06-30,120,0.77,-1.911,10.0,60.0,-0.792
2025-07-01,99,0.685,-0.741,9.091,60.606,-0.932
2025-07-02,85,2.067,1.823,8.235,56.471,-0.497
2025-07-03,76,1.52,-1.116,6.579,67.105,-2.22
2025-07-04,105,0.621,-2.895,2.857,70.476,-2.883
2025-07-07,87,0.331,-1.893,4.598,59.77,-1.037
2025-07-08,84,0.928,-2.716,7.143,61.905,-1.275
2025-07-09,92,0.753,-3.281,4.348,66.304,-1.71
2025-07-10,91,0.598,-3.24,9.89,70.33,-1.579
2025-07-11,85,1.056,-1.665,11.765,51.765,1.452
2025-07-14,87,-0.234,-1.952,9.195,56.322,-0.095
2025-07-15,102,-0.834,-3.646,7.843,70.588,-2.325
2025-07-16,127,-1.697,-5.102,4.724,68.504,-3.311
2025-07-17,127,-1.664,-4.128,9.449,73.228,-2.058
2025-07-18,90,-4.503,-3.598,6.667,74.444,-2.185
2025-07-21,97,-2.219,-1.87,8.247,71.134,-1.526
2025-07-22,93,-2.002,-1.02,4.301,67.742,-2.384
2025-07-23,93,-3.981,-1.623,4.301,73.118,-2.882
2025-07-24,62,-5.122,-2.405,0.0,77.419,-4.957
2025-07-25,26,-5.586,-0.894,3.846,76.923,-3.517
2025-07-28,28,1.68,2.576,14.286,53.571,1.355
2025-07-29,52,-3.222,-2.975,3.846,69.231,-3.023
2025-07-30,67,-3.382,-2.09,5.97,74.627,-2.929
2025-07-31,34,-4.285,-1.778,5.882,64.706,-1.689
2025-08-01,25,-2.02,1.395,12.0,56.0,0.26
2025-08-04,33,1.652,4.137,12.121,39.394,3.271
2025-08-05,32,2.045,3.505,9.375,43.75,1.931
2025-08-06,17,-0.275,-0.494,5.882,35.294,0.594
2025-08-07,24,-0.307,1.396,4.167,37.5,1.006
2025-08-08,23,-0.028,4.194,8.696,26.087,4.19
2025-08-11,21,-0.036,3.255,9.524,33.333,1.499
2025-08-12,19,2.465,5.695,26.316,26.316,6.346
2025-08-13,25,4.296,8.369,28.0,24.0,6.714
2025-08-14,22,4.83,8.118,18.182,27.273,4.953
2025-08-18,66,1.609,3.724,1.515,19.697,0.802
2025-08-19,58,3.536,6.166,10.345,32.759,2.125
2025-08-20,69,0.706,1.839,8.696,49.275,-1.277
2025-08-21,44,-0.329,2.727,9.091,40.909,0.274
2025-08-22,34,1.372,2.278,14.706,50.0,1.94
2025-08-25,67,-0.86,0.776,10.448,52.239,0.141
2025-08-26,31,0.645,1.045,6.452,58.065,-0.767
2025-08-28,21,2.921,5.429,33.333,42.857,5.803
2025-08-29,25,5.221,5.775,28.0,24.0,11.386
2025-09-01,68,2.183,4.169,20.588,30.882,7.768
2025-09-02,75,3.151,0.412,10.667,38.667,2.49
2025-09-03,96,2.568,2.885,17.708,41.667,3.853
2025-09-04,91,2.61,1.671,12.088,32.967,3.859
2025-09-05,63,2.459,1.691,9.524,46.032,2.04
2025-09-08,98,1.936,1.242,9.184,46.939,2.108
2025-09-09,88,1.769,2.69,12.5,48.864,2.148
2025-09-10,117,0.279,-0.455,6.838,50.427,-0.559
2025-09-11,91,0.48,0.905,7.692,48.352,0.803
2025-09-12,88,-0.888,0.249,9.091,34.091,1.246
2025-09-15,106,-2.874,-2.25,7.547,46.226,-0.051
2025-09-16,140,-1.672,1.184,10.0,41.429,1.532
2025-09-17,168,-2.354,-0.943,5.952,52.381,-0.058
2025-09-18,138,-2.23,-2.61,7.246,57.971,-1.256
2025-09-19,160,-1.788,-1.235,3.125,51.875,-0.574
2025-09-22,117,-1.679,-0.714,9.402,66.667,-1.49
2025-09-23,109,1.029,0.383,14.679,44.954,2.005
2025-09-24,72,1.355,1.936,12.5,52.778,0.73
2025-09-25,35,2.524,2.487,20.0,54.286,3.232
2025-09-26,27,5.671,2.176,37.037,22.222,9.903
2025-09-29,47,7.048,3.992,40.426,17.021,11.613
2025-09-30,31,1.482,4.657,6.452,22.581,5.364
2025-10-01,52,2.006,1.951,21.154,34.615,5.106
2025-10-03,89,0.024,2.818,8.989,42.697,1.474
2025-10-06,82,0.728,0.629,12.195,35.366,2.457
2025-10-07,60,3.118,2.94,13.333,33.333,3.153
2025-10-08,56,0.844,-0.393,5.357,57.143,-1.167
2025-10-09,65,-1.984,-0.098,9.231,55.385,-0.829
2025-10-10,43,0.929,1.097,2.326,39.535,-0.184
2025-10-13,52,-1.658,-1.057,3.846,55.769,-0.653
2025-10-14,45,-1.624,0.282,4.444,46.667,0.313
2025-10-15,54,1.386,-0.947,5.556,44.444,0.056
2025-10-16,66,0.532,0.65,3.03,25.758,1.155
2025-10-17,83,0.249,0.054,7.229,32.53,0.653
2025-10-20,94,2.068,2.322,5.319,19.149,2.025
2025-10-21,21,-2.66,-2.144,4.762,52.381,-1.131
2025-10-23,124,-1.261,-0.836,1.613,37.903,-0.025
2025-10-24,65,-3.754,-4.89,0.0,67.692,-4.023
2025-10-27,95,-1.436,-2.698,4.211,60.0,-1.99
2025-10-28,106,-0.733,-2.329,2.83,62.264,-3.066
2025-10-29,138,-2.073,-3.546,0.725,69.565,-3.927
2025-10-30,69,-1.554,-2.559,1.449,65.217,-2.658
2025-10-31,79,0.159,-1.468,5.063,60.759,-1.749
2025-11-03,135,-2.316,-4.319,2.963,62.963,-2.948
2025-11-04,84,-2.341,-4.261,1.19,63.095,-3.707
2025-11-06,49,-1.831,-4.181,0.0,59.184,-3.471
2025-11-07,57,-2.54,-4.17,3.509,59.649,-2.651
2025-11-10,50,-1.28,-3.894,6.0,58.0,-0.601
2025-11-11,54,-1.69,-2.702,1.852,53.704,-0.925
2025-11-12,83,-1.08,-3.841,3.614,46.988,-0.643
2025-11-13,60,-0.128,-2.281,6.667,61.667,-0.622
2025-11-14,59,-0.029,-1.858,5.085,59.322,-2.324
2025-11-17,80,-0.993,-2.671,6.25,58.75,-2.794
2025-11-18,41,-0.743,-2.405,7.317,58.537,-2.101
2025-11-19,47,-0.114,0.309,6.383,31.915,1.452
2025-11-20,51,-1.497,-2.474,3.922,37.255,-0.327
2025-11-21,19,-2.119,-1.451,0.0,52.632,-0.934
2025-11-24,26,-1.168,1.954,7.692,42.308,0.85
2025-11-25,20,-0.459,0.767,5.0,50.0,-0.913
2025-11-26,34,-1.752,0.304,2.941,32.353,-0.687
2025-11-27,37,-0.754,-0.707,2.703,29.73,-1.615
2025-11-28,26,-1.688,-3.913,0.0,50.0,-2.941
2025-12-01,56,2.639,6.711,26.786,28.571,5.938
2025-12-02,29,-1.84,-2.0,3.448,48.276,-1.389
2025-12-03,38,3.075,6.828,28.947,26.316,6.883
2025-12-04,40,-1.937,-0.782,2.5,37.5,-1.722
2025-12-05,30,0.888,5.555,10.0,13.333,1.63
2025-12-08,17,3.613,3.735,11.765,41.176,0.889
2025-12-09,24,-0.17,0.903,8.333,58.333,-1.467
2025-12-10,33,5.073,6.921,30.303,48.485,4.484
2025-12-11,39,1.366,-1.715,12.821,56.41,-0.493
2025-12-12,54,4.597,6.754,40.741,35.185,8.154
2025-12-15,46,3.309,4.737,43.478,41.304,8.436
2025-12-16,30,1.147,0.118,16.667,63.333,-0.185
2025-12-17,25,6.065,18.582,44.0,28.0,13.095
2025-12-18,17,6.315,9.21,11.765,47.059,1.789
2025-12-19,47,1.321,-3.732,4.255,70.213,-2.891
2025-12-22,83,2.504,3.328,20.482,51.807,2.449
2025-12-23,81,1.984,-0.887,16.049,58.025,0.745
2025-12-24,74,0.653,-1.145,14.865,63.514,0.241
2025-12-26,89,-2.325,-1.602,8.989,69.663,-1.345
2025-12-29,52,-2.287,-0.887,13.462,63.462,-0.271
2025-12-30,64,-0.964,-3.605,4.688,65.625,-1.886
2025-12-31,103,-1.795,-4.514,2.913,67.961,-2.351
2026-01-01,76,-1.486,-6.219,1.316,73.684,-4.083
2026-01-02,171,-3.823,-6.212,2.339,71.93,-4.018
2026-01-05,140,-5.963,-3.407,0.714,72.143,-3.906
2026-01-06,105,-6.305,-3.893,1.905,74.286,-3.975
2026-01-07,105,-7.694,-6.59,1.905,90.476,-5.98
2026-01-08,34,-6.6,-3.61,5.882,82.353,-3.898
2026-01-09,11,-0.144,3.889,9.091,36.364,1.229
2026-01-12,29,2.953,2.434,27.586,48.276,3.705
2026-01-13,29,-0.036,1.631,13.793,62.069,0.231
2026-01-14,43,-0.128,0.286,6.977,58.14,-0.05
2026-01-16,38,-5.179,-3.965,0.0,78.947,-4.247
2026-01-19,30,-3.984,-2.132,16.667,60.0,0.899
2026-01-20,28,-4.788,-8.415,7.143,89.286,-4.446
2026-01-21,35,-2.428,-5.094,0.0,80.0,-5.392
2026-01-22,20,-1.798,-0.406,0.0,65.0,-3.657
2026-01-23,11,-0.482,0.614,9.091,36.364,-0.506
2026-01-27,21,3.686,4.116,9.524,33.333,0.711
2026-01-28,38,0.805,1.071,2.632,60.526,-1.829
2026-01-29,37,0.242,0.917,2.703,70.27,-2.756
2026-01-30,25,0.206,0.248,4.0,64.0,-2.818
2026-02-01,9,-1.248,-2.939,0.0,66.667,-4.499
2026-02-02,7,-2.079,-6.725,0.0,85.714,-5.924
2026-02-03,67,0.762,-4.203,2.985,68.657,-3.233
2026-02-04,48,-0.169,-4.198,0.0,72.917,-5.325
2026-02-05,35,-2.25,-4.946,0.0,80.0,-4.944
2026-02-06,24,-1.228,-6.152,0.0,83.333,-5.613
2026-02-09,77,-0.443,-5.154,2.597,77.922,-4.38
2026-02-10,89,-3.071,-7.802,0.0,92.135,-6.013
2026-02-11,68,-2.167,-7.426,0.0,85.294,-5.769
2026-02-12,50,-0.332,-8.769,0.0,88.0,-6.083
2026-02-13,30,-2.505,-10.253,0.0,70.0,-4.939
2026-02-16,30,-1.113,-6.408,0.0,76.667,-4.731
2026-02-17,32,-5.026,-8.791,0.0,84.375,-6.038
2026-02-18,43,-5.119,-12.074,0.0,93.023,-6.377
2026-02-19,12,-10.327,-17.054,0.0,91.667,-5.18
2026-02-20,24,-6.725,-10.979,0.0,75.0,-3.703
2026-02-23,23,-5.755,-8.829,0.0,78.261,-4.524
2026-02-24,34,-3.906,-8.492,0.0,73.529,-4.37
2026-02-25,36,-4.672,-9.789,0.0,80.556,-4.677
2026-02-26,51,-8.201,-12.618,1.961,92.157,-5.802
2026-02-27,36,-7.164,-6.816,2.778,75.0,-3.952
2026-03-02,42,-5.297,-7.723,7.143,73.81,-3.305
2026-03-04,23,-5.173,-0.409,0.0,78.261,-5.371
2026-03-05,18,-2.09,-0.873,0.0,50.0,-2.365
2026-03-06,24,-4.835,-2.804,4.167,66.667,-2.359
2026-03-09,7,-1.571,-1.354,0.0,42.857,-2.732
2026-03-10,13,-3.462,0.486,0.0,53.846,-2.553
2026-03-11,23,-1.814,0.105,0.0,56.522,-1.267
2026-03-12,22,-4.384,2.365,4.545,81.818,-4.012
2026-03-13,14,-1.341,3.71,7.143,35.714,0.317
2026-03-16,9,-0.048,7.917,33.333,11.111,7.848
2026-03-17,4,-1.41,4.65,0.0,100.0,-7.0
2026-03-18,11,-0.343,10.886,9.091,63.636,-0.574
2026-03-19,6,-3.383,2.921,16.667,66.667,-0.397
2026-03-20,8,-0.261,2.122,0.0,50.0,-2.85
2026-03-23,9,0.398,1.253,0.0,0.0,1.266
2026-03-24,9,0.955,1.501,11.111,0.0,3.455
2026-03-25,15,2.601,5.642,6.667,26.667,2.759
2026-03-27,10,2.86,7.935,30.0,10.0,7.44
2026-03-30,12,1.276,1.825,8.333,25.0,1.013
2026-04-01,9,5.8,6.401,11.111,0.0,6.114
2026-04-02,13,4.664,3.066,7.692,15.385,4.467
2026-04-06,17,5.375,5.584,5.882,17.647,3.947
2026-04-07,16,2.13,4.925,25.0,43.75,6.083
2026-04-08,47,6.642,10.378,34.043,14.894,9.76
2026-04-09,23,6.669,11.971,21.739,4.348,9.059
2026-04-10,43,5.349,3.502,13.953,11.628,5.966
2026-04-13,31,8.833,7.345,32.258,25.806,8.787
2026-04-15,57,2.189,1.243,7.018,26.316,2.16
2026-04-16,68,1.694,1.118,14.706,23.529,3.587
2026-04-17,108,2.993,0.618,13.889,34.259,2.818
2026-04-20,65,2.214,-0.22,13.846,32.308,3.347
2026-04-21,58,2.731,-0.561,10.345,32.759,1.335
2026-04-22,62,2.487,-1.327,6.452,54.839,-1.703
2026-04-23,60,2.424,-0.683,6.667,56.667,-1.609
2026-04-24,30,4.754,2.505,13.333,43.333,2.19
2026-04-27,83,-0.229,3.455,16.867,46.988,2.213
2026-04-28,62,-0.167,1.606,11.29,62.903,-0.799
2026-04-29,67,0.393,0.209,5.97,58.209,-0.359
2026-04-30,56,-0.671,-0.16,14.286,55.357,1.473
2026-05-04,122,-2.289,-0.786,7.377,55.738,-0.152
2026-05-05,81,-3.12,-2.779,8.642,65.432,-0.798
2026-05-06,140,-1.699,0.498,9.286,53.571,0.329
2026-05-07,174,-2.748,-1.225,6.897,66.667,-1.539
2026-05-08,139,-3.807,-3.086,7.194,73.381,-2.297
2026-05-11,87,-1.49,-2.013,4.598,73.563,-2.701
2026-05-12,36,0.596,-6.059,5.556,80.556,-4.069
2026-05-13,69,-2.931,-8.87,1.449,81.159,-5.336
2026-05-14,60,-2.796,-4.232,5.0,66.667,-2.47
2026-05-15,32,-3.115,-3.265,3.125,62.5,-0.927
2026-05-18,21,1.093,2.025,9.524,42.857,1.2
2026-05-19,28,-0.35,0.07,7.143,53.571,-0.015
2026-05-20,22,0.042,2.332,9.091,59.091,-0.162
2026-05-21,38,-2.299,0.212,5.263,57.895,0.476
2026-05-22,31,-1.46,2.305,6.452,51.613,0.845
2026-05-25,37,-2.282,0.524,5.405,43.243,-0.042
2026-05-26,44,-2.389,0.98,6.818,43.182,0.67
2026-05-27,67,-3.853,1.246,8.955,50.746,0.256
2026-05-29,52,-1.724,0.779,11.538,59.615,-0.199
2026-06-01,43,-1.188,0.714,18.605,55.814,2.677
2026-06-02,43,-4.589,-7.741,2.326,76.744,-3.788
2026-06-03,20,-0.18,1.693,15.0,45.0,2.97
2026-06-04,39,1.891,2.385,7.692,48.718,-0.12
2026-06-05,38,1.05,2.761,10.526,50.0,0.559
2026-06-08,30,1.926,2.347,16.667,16.667,4.055
2026-06-09,54,1.525,-0.19,9.259,29.63,1.994
2026-06-10,31,3.662,4.679,9.677,38.71,1.279
2026-06-11,20,4.241,8.94,25.0,25.0,6.829
2026-06-12,58,1.75,3.464,5.172,25.862,1.547
2026-06-15,145,1.989,3.153,4.138,25.517,1.294
2026-06-16,86,1.122,1.285,9.302,45.349,0.35
2026-06-17,108,0.337,-0.317,5.556,50.0,-1.625
2026-06-18,128,0.426,-0.378,3.125,45.312,-0.822
2026-06-19,129,1.021,0.337,4.651,40.31,1.137
2026-06-22,180,-0.528,-0.782,5.556,46.111,-0.385
2026-06-23,80,-2.286,-1.654,1.25,46.25,-0.394
2026-06-24,74,-0.931,-0.322,8.108,40.541,1.275
2026-06-25,77,1.482,-0.344,7.792,37.662,1.714
2026-06-29,75,1.156,0.138,2.667,37.333,0.701
2026-06-30,83,1.128,1.132,13.253,37.349,2.976
2026-07-01,80,1.355,0.288,7.5,52.5,-0.443
2026-07-02,100,0.106,-1.928,7.0,57.0,-0.709
2026-07-03,113,0.301,0.269,7.08,40.708,0.238
2026-07-06,124,-0.846,1.009,4.032,41.129,-0.252
2026-07-07,58,0.521,2.091,0.0,39.655,-0.185
2026-07-08,28,1.948,3.544,10.714,39.286,2.408
2026-07-09,58,0.725,4.182,8.621,37.931,2.589
2026-07-10,79,-1.326,0.614,6.329,48.101,0.207
2026-07-13,109,-1.644,-0.378,4.587,50.459,-0.345
2026-07-14,39,-1.427,-0.148,2.564,46.154,-0.207
2026-07-15,61,-0.442,-0.307,4.918,44.262,-0.09
2026-07-16,57,-0.067,1.782,7.018,49.123,0.558
2026-07-17,32,1.196,2.101,6.25,31.25,1.176
2026-07-20,52,1.44,,9.615,32.692,2.103
2026-07-21,64,1.229,,9.375,34.375,1.523
2026-07-22,40,2.282,,5.0,22.5,0.844
2026-07-23,34,3.479,,2.941,14.706,2.218
2026-07-24,26,4.078,,19.231,15.385,5.612
2026-07-27,74,0.993,,4.054,31.081,0.412
2026-07-28,62,2.311,,3.226,16.129,1.924
2026-07-29,83,1.575,,7.229,21.687,1.955
2026-07-30,69,1.523,,2.899,20.29,1.633
2026-07-31,92,0.765,,3.261,19.565,1.04
2026-08-03,194,,,1.546,19.072,-0.256
2026-08-04,123,,,1.626,28.455,0.195
2026-08-05,164,,,0.61,18.293,0.336
2026-08-06,167,,,1.796,23.353,-0.141
2026-08-07,146,,,2.74,16.438,0.574
2026-08-10,155,,,1.29,14.839,0.169
2026-08-11,103,,,0.0,7.767,0.164
2026-08-12,96,,,0.0,10.417,-0.893
2026-08-13,83,,,0.0,2.41,0.123
